0.02,0
0.04,1.18161e-28
0.06,2.27921e-19
0.08,3.15773e-12
0.1,1.9132e-09
0.12,1.41696e-07
0.14,3.21526e-06
0.16,3.4152e-05
0.18,0.000213449
0.2,0.000900786
0.22,0.0028063
0.24,0.0068587
0.26,0.0137254
0.28,0.0231868
0.3,0.0337819
0.32,0.0430383
0.34,0.0482387
0.36,0.0473612
0.38,0.0397555
0.4,0.0262978
0.42,0.00903685
0.44,-0.00944871
0.46,-0.0267091
0.48,-0.040889
0.5,-0.0509194
0.52,-0.0564708
0.54,-0.0577626
0.56,-0.0553375
0.58,-0.0498743
0.6,-0.0420716
0.62,-0.0325978
0.64,-0.0220826
0.66,-0.0111243
0.68,-0.000291672
0.7,0.00988335
0.72,0.0189216
0.74,0.0264143
0.76,0.032037
0.78,0.035558
0.8,0.0368414
0.82,0.0358499
0.84,0.0326482
0.86,0.0274076
0.88,0.0204102
0.9,0.0120478
0.92,0.00281201
0.94,-0.00672843
0.96,-0.0159622
0.98,-0.0242798
1,-0.031123
1.02,-0.0360322
1.04,-0.0386853
1.06,-0.0389242
1.08,-0.0367643
1.1,-0.032388
1.12,-0.0261231
1.14,-0.0184099
1.16,-0.00976176
1.18,-0.00072357
1.2,0.00816847
1.22,0.0164214
1.24,0.0236133
1.26,0.0294126
1.28,0.0335896
1.3,0.03602
1.32,0.0366822
1.34,0.0356493
1.36,0.0330763
1.38,0.0291858
1.4,0.0242507
1.42,0.0185768
1.44,0.0124851
1.46,0.00629442
1.48,0.000306098
1.5,-0.00521033
1.52,-0.0100286
1.54,-0.0139749
1.56,-0.0169331
1.58,-0.0188478
1.6,-0.0197232
1.62,-0.0196189
1.64,-0.0186429
1.66,-0.0169421
1.68,-0.0146911
1.7,-0.01208
1.72,-0.00930186
1.74,-0.00654118
1.76,-0.00396323
1.78,-0.00170551
1.8,0.000128386
1.82,0.00147246
1.84,0.00229927
1.86,0.00261839
1.88,0.0024728
1.9,0.0019333
1.92,0.00109181
1.94,5.38438e-05
1.96,-0.00106923
1.98,-0.00216764
2,-0.00314002
2.02,-0.00389907
2.04,-0.00437606
2.06,-0.0045238
2.08,-0.00431823
2.1,-0.00375846
2.12,-0.00286567
2.14,-0.00168067
2.16,-0.000260725
2.18,0.0013244
2.2,0.00299681
2.22,0.00467498
2.24,0.00627819
2.26,0.00773071
2.28,0.00896542
2.3,0.00992682
2.32,0.0105733
2.34,0.0108786
2.36,0.0108324
2.38,0.0104398
2.4,0.00972077
2.42,0.0087081
2.44,0.00744534
2.46,0.00598414
2.48,0.00438146
2.5,0.00269667
2.52,0.000988758
2.54,-0.000686189
2.56,-0.00227721
2.58,-0.00374022
2.6,-0.00503927
2.62,-0.00614727
2.64,-0.00704627
2.66,-0.00772718
2.68,-0.00818913
2.7,-0.00843852
2.72,-0.00848779
2.74,-0.00835405
2.76,-0.00805775
2.78,-0.00762124
2.8,-0.00706761
2.82,-0.00641959
2.84,-0.00569869
2.86,-0.0049246
2.88,-0.00411485
2.9,-0.00328459
2.92,-0.00244671
2.94,-0.00161206
2.96,-0.000789794
2.98,1.22214e-05
3,0.000786923
3.02,0.00152765
3.04,0.00222777
3.06,0.00288041
3.08,0.00347834
3.1,0.00401392
3.12,0.00447924
3.14,0.00486635
3.16,0.00516761
3.18,0.00537611
3.2,0.00548611
3.22,0.00549353
3.24,0.00539634
3.26,0.00519495
3.28,0.00489247
3.3,0.00449483
3.32,0.00401078
3.34,0.00345176
3.36,0.00283159
3.38,0.00216605
3.4,0.00147235
3.42,0.000768512
3.44,7.27005e-05
3.46,-0.000597466
3.48,-0.00122558
3.5,-0.00179702
3.52,-0.00229954
3.54,-0.00272357
3.56,-0.00306258
3.58,-0.00331314
3.6,-0.00347494
3.62,-0.00355062
3.64,-0.00354547
3.66,-0.00346706
3.68,-0.00332472
3.7,-0.00312905
3.72,-0.00289133
3.74,-0.00262299
3.76,-0.00233507
3.78,-0.00203777
3.8,-0.0017401
3.82,-0.00144955
3.84,-0.00117194
3.86,-0.000911352
3.88,-0.000670132
3.9,-0.000449043
3.92,-0.000247459
3.94,-6.36355e-05
3.96,0.000104975
3.98,0.000261389
4,0.000408753
4.02,0.00055003
4.04,0.000687719
4.06,0.000823623
4.08,0.000958687
4.1,0.0010929
4.12,0.00122527
4.14,0.00135386
4.16,0.00147592
4.18,0.00158803
4.2,0.00168628
4.22,0.00176658
4.24,0.00182484
4.26,0.00185723
4.28,0.00186046
4.3,0.00183194
4.32,0.00176998
4.34,0.0016739
4.36,0.00154413
4.38,0.0013822
4.4,0.00119072
4.42,0.000973331
4.44,0.000734523
4.46,0.000479526
4.48,0.000214093
4.5,-5.56953e-05
4.52,-0.000323648
4.54,-0.000583675
4.56,-0.000829986
4.58,-0.00105728
4.6,-0.00126087
4.62,-0.00143685
4.64,-0.00158216
4.66,-0.00169461
4.68,-0.00177294
4.7,-0.0018168
4.72,-0.00182665
4.74,-0.00180376
4.76,-0.00175006
4.78,-0.00166804
4.8,-0.00156068
4.82,-0.00143124
4.84,-0.00128325
4.86,-0.00112032
4.88,-0.000946048
4.9,-0.000763991
4.92,-0.000577534
4.94,-0.000389865
4.96,-0.000203927
4.98,-2.23971e-05
5,0.000152325
5.02,0.000318118
5.04,0.000473132
5.06,0.000615773
5.08,0.000744682
5.1,0.000858723
5.12,0.000956961
5.14,0.00103865
5.16,0.00110322
5.18,0.00115027
5.2,0.00117957
5.22,0.00119108
5.24,0.00118489
5.26,0.00116133
5.28,0.00112087
5.3,0.00106421
5.32,0.000992241
5.34,0.000906054
5.36,0.000806946
5.38,0.000696406
5.4,0.000576105
5.42,0.000447873
5.44,0.000313679
5.46,0.000175599
5.48,3.57858e-05
5.5,-0.000103573
5.52,-0.000240289
5.54,-0.000372215
5.56,-0.000497287
5.58,-0.000613558
5.6,-0.000719239
5.62,-0.000812729
5.64,-0.000892643
5.66,-0.00095784
5.68,-0.00100744
5.7,-0.00104082
5.72,-0.00105766
5.74,-0.0010579
5.76,-0.00104176
5.78,-0.00100973
5.8,-0.000962555
5.82,-0.000901208
5.84,-0.000826885
5.86,-0.000740973
5.88,-0.000645026
5.9,-0.000540743
5.92,-0.000429931
5.94,-0.000314483
5.96,-0.000196343
5.98,-7.74782e-05
6,4.01535e-05
6.02,0.000154633
6.04,0.000264112
6.06,0.000366839
6.08,0.000461188
6.1,0.000545687
6.12,0.000619041
6.14,0.000680153
6.16,0.000728142
6.18,0.000762364
6.2,0.000782416
6.22,0.000788149
6.24,0.000779669
6.26,0.00075733
6.28,0.000721735
6.3,0.000673717
6.32,0.000614324
6.34,0.0005448
6.36,0.000466559
6.38,0.000381153
6.4,0.000290243
6.42,0.000195563
6.44,9.88848e-05
6.46,1.9797e-06
6.48,-9.34147e-05
6.5,-0.00018563
6.52,-0.000273098
6.54,-0.000354381
6.56,-0.000428195
6.58,-0.000493434
6.6,-0.000549184
6.62,-0.00059474
6.64,-0.000629606
6.66,-0.000653503
6.68,-0.000666366
6.7,-0.000668331
6.72,-0.00065973
6.74,-0.00064107
6.76,-0.000613019
6.78,-0.000576384
6.8,-0.000532089
6.82,-0.000481151
6.84,-0.000424658
6.86,-0.000363747
6.88,-0.000299577
6.9,-0.000233311
6.92,-0.000166095
6.94,-9.90383e-05
6.96,-3.31997e-05
6.98,3.04282e-05
7,9.09299e-05
7.02,0.000147477
7.04,0.000199335
7.06,0.000245869
7.08,0.00028655
7.1,0.000320952
7.12,0.000348756
7.14,0.00036975
7.16,0.000383824
7.18,0.00039097
7.2,0.000391279
7.22,0.000384933
7.24,0.000372202
7.26,0.000353439
7.28,0.00032907
7.3,0.000299593
7.32,0.000265562
7.34,0.000227588
7.36,0.000186323
7.38,0.000142455
7.4,9.66946e-05
7.42,4.97694e-05
7.44,2.41016e-06
7.46,-4.4658e-05
7.48,-9.07261e-05
7.5,-0.000135111
7.52,-0.000177166
7.54,-0.000216289
7.56,-0.000251931
7.58,-0.000283607
7.6,-0.000310899
7.62,-0.000333465
7.64,-0.000351041
7.66,-0.000363447
7.68,-0.000370587
7.7,-0.00037245
7.72,-0.00036911
7.74,-0.000360722
7.76,-0.00034752
7.78,-0.000329809
7.8,-0.000307965
7.82,-0.00028242
7.84,-0.000253661
7.86,-0.000222214
7.88,-0.000188641
7.9,-0.000153524
7.92,-0.000117461
7.94,-8.10489e-05
7.96,-4.48806e-05
7.98,-9.5304e-06
8,2.4453e-05
8.02,5.65552e-05
8.04,8.63038e-05
8.06,0.000113275
8.08,0.0001371
8.1,0.000157468
8.12,0.000174133
8.14,0.000186913
8.16,0.000195692
8.18,0.000200423
8.2,0.000201122
8.22,0.00019787
8.24,0.000190807
8.26,0.000180133
8.28,0.0001661
8.3,0.000149005
8.32,0.000129189
8.34,0.000107029
8.36,8.29284e-05
8.38,5.73119e-05
8.4,3.06189e-05
8.42,3.29476e-06
8.44,-2.42156e-05
8.46,-5.14752e-05
8.48,-7.80611e-05
8.5,-0.000103571
8.52,-0.00012763
8.54,-0.000149892
8.56,-0.000170051
8.58,-0.000187837
8.6,-0.000203027
8.62,-0.00021544
8.64,-0.000224945
8.66,-0.000231459
8.68,-0.000234948
8.7,-0.000235425
8.72,-0.000232952
8.74,-0.000227634
8.76,-0.000219618
8.78,-0.000209091
8.8,-0.000196272
8.82,-0.000181415
8.84,-0.000164795
8.86,-0.000146712
8.88,-0.000127482
8.9,-0.000107431
8.92,-8.68901e-05
8.94,-6.61929e-05
8.96,-4.56677e-05
8.98,-2.56337e-05
9,-6.39658e-06
9.02,1.17562e-05
9.04,2.85595e-05
9.06,4.37748e-05
9.08,5.71928e-05
9.1,6.86369e-05
9.12,7.79646e-05
9.14,8.50696e-05
9.16,8.98822e-05
9.18,9.23699e-05
9.2,9.25368e-05
9.22,9.04233e-05
9.24,8.6105e-05
9.26,7.96911e-05
9.28,7.13225e-05
9.3,6.11689e-05
9.32,4.94254e-05
9.34,3.63092e-05
9.36,2.20553e-05
9.38,6.91243e-06
9.4,-8.86089e-06
9.42,-2.50005e-05
9.44,-4.12409e-05
9.46,-5.73195e-05
9.48,-7.2981e-05
9.5,-8.79818e-05
9.52,-0.000102094
9.54,-0.00011511
9.56,-0.000126845
9.58,-0.000137136
9.6,-0.00014585
9.62,-0.00015288
9.64,-0.000158148
9.66,-0.000161607
9.68,-0.000163239
9.7,-0.000163057
9.72,-0.000161107
9.74,-0.000157459
9.76,-0.000152212
9.78,-0.000145489
9.8,-0.000137434
9.82,-0.000128209
9.84,-0.000117991
9.86,-0.00010697
9.88,-9.53437e-05
9.9,-8.33173e-05
9.92,-7.10972e-05
9.94,-5.8888e-05
9.96,-4.68896e-05
9.98,-3.52929e-05
10,-2.4278e-05
10.02,-1.40109e-05
10.04,-4.64201e-06
10.06,3.69634e-06
10.08,1.08915e-05
10.1,1.68522e-05
10.12,2.15097e-05
10.14,2.48181e-05
10.16,2.67551e-05
10.18,2.73204e-05
10.2,2.65357e-05
10.22,2.44435e-05
10.24,2.11055e-05
10.26,1.6602e-05
10.28,1.10301e-05
10.3,4.50212e-06
10.32,-2.85659e-06
10.34,-1.09103e-05
10.36,-1.95155e-05
10.38,-2.85239e-05
10.4,-3.77849e-05
10.42,-4.71478e-05
10.44,-5.64643e-05
10.46,-6.559e-05
10.48,-7.43866e-05
10.5,-8.27236e-05
10.52,-9.04809e-05
10.54,-9.75507e-05
10.56,-0.000103839
10.58,-0.000109266
10.6,-0.000113769
10.62,-0.0001173
10.64,-0.000119828
10.66,-0.000121337
10.68,-0.000121829
10.7,-0.000121321
10.72,-0.000119846
10.74,-0.000117452
10.76,-0.000114201
10.78,-0.000110167
10.8,-0.000105434
10.82,-0.000100097
10.84,-9.42553e-05
10.86,-8.80167e-05
10.88,-8.14913e-05
10.9,-7.47917e-05
10.92,-6.80309e-05
10.94,-6.13205e-05
10.96,-5.47684e-05
10.98,-4.84778e-05
11,-4.2545e-05
11.02,-3.70584e-05
11.04,-3.20973e-05
11.06,-2.77311e-05
11.08,-2.40184e-05
11.1,-2.10065e-05
11.12,-1.87304e-05
11.14,-1.72124e-05
11.16,-1.64625e-05
11.18,-1.64781e-05
11.2,-1.72449e-05
11.22,-1.8737e-05
11.24,-2.09179e-05
11.26,-2.37407e-05
11.28,-2.71494e-05
11.3,-3.10802e-05
11.32,-3.54617e-05
11.34,-4.02171e-05
11.36,-4.52648e-05
11.38,-5.05205e-05
11.4,-5.58987e-05
11.42,-6.13144e-05
11.44,-6.6684e-05
11.46,-7.19266e-05
11.48,-7.69653e-05
11.5,-8.17279e-05
11.52,-8.61478e-05
11.54,-9.01653e-05
11.56,-9.37282e-05
11.58,-9.67928e-05
11.6,-9.93247e-05
11.62,-0.000101299
11.64,-0.000102699
11.66,-0.00010352
11.68,-0.000103766
11.7,-0.000103448
11.72,-0.000102589
11.74,-0.000101218
11.76,-9.93741e-05
11.78,-9.7101e-05
11.8,-9.44486e-05
11.82,-9.14712e-05
11.84,-8.82265e-05
11.86,-8.47748e-05
11.88,-8.11787e-05
11.9,-7.75018e-05
11.92,-7.3808e-05
11.94,-7.01601e-05
11.96,-6.66185e-05
11.98,-6.32404e-05
12,-6.00786e-05
12.02,-5.71812e-05
12.04,-5.45917e-05
12.06,-5.23484e-05
12.08,-5.04841e-05
12.1,-4.90253e-05
12.12,-4.79908e-05
12.14,-4.7392e-05
12.16,-4.72326e-05
12.18,-4.75091e-05
12.2,-4.82115e-05
12.22,-4.93244e-05
12.24,-5.08267e-05
12.26,-5.26914e-05
12.28,-5.48859e-05
12.3,-5.7372e-05
12.32,-6.01071e-05
12.34,-6.30457e-05
12.36,-6.61406e-05
12.38,-6.93442e-05
12.4,-7.26091e-05
12.42,-7.58881e-05
12.44,-7.91346e-05
12.46,-8.2303e-05
12.48,-8.53493e-05
12.5,-8.82323e-05
12.52,-9.09143e-05
12.54,-9.33622e-05
12.56,-9.55479e-05
12.58,-9.7448e-05
12.6,-9.90444e-05
12.62,-0.000100324
12.64,-0.000101278
12.66,-0.000101906
12.68,-0.000102209
12.7,-0.000102197
12.72,-0.000101882
12.74,-0.000101283
12.76,-0.000100422
12.78,-9.93238e-05
12.8,-9.80185e-05
12.82,-9.6537e-05
12.84,-9.49131e-05
12.86,-9.31817e-05
12.88,-9.13789e-05
12.9,-8.95413e-05
12.92,-8.77054e-05
12.94,-8.5907e-05
12.96,-8.41809e-05
12.98,-8.256e-05
13,-8.10749e-05
13.02,-7.97535e-05
13.04,-7.86201e-05
13.06,-7.76955e-05
13.08,-7.69961e-05
13.1,-7.65346e-05
13.12,-7.63194e-05
13.14,-7.63554e-05
13.16,-7.66431e-05
13.18,-7.71792e-05
13.2,-7.79564e-05
13.22,-7.89636e-05
13.24,-8.01869e-05
13.26,-8.1609e-05
13.28,-8.32106e-05
13.3,-8.49696e-05
13.32,-8.68618e-05
13.34,-8.8861e-05
13.36,-9.09394e-05
13.38,-9.30684e-05
13.4,-9.52193e-05
13.42,-9.7364e-05
13.44,-9.94754e-05
13.46,-0.000101528
13.48,-0.000103497
13.5,-0.000105359
13.52,-0.000107097
13.54,-0.000108691
13.56,-0.000110127
13.58,-0.000111395
13.6,-0.000112485
13.62,-0.000113391
13.64,-0.000114112
13.66,-0.000114648
13.68,-0.000115002
13.7,-0.000115183
13.72,-0.000115201
13.74,-0.000115068
13.76,-0.000114801
13.78,-0.000114418
13.8,-0.000113938
13.82,-0.000113382
13.84,-0.000112772
13.86,-0.000112132
13.88,-0.000111484
13.9,-0.000110852
13.92,-0.000110258
13.94,-0.000109728
13.96,-0.000109282
13.98,-0.000108943
14,-0.00010873
14.02,-0.000108661
14.04,-0.000108754
14.06,-0.000109023
14.08,-0.00010948
14.1,-0.000110136
14.12,-0.000110997
14.14,-0.000112069
14.16,-0.000113354
14.18,-0.000114853
14.2,-0.000116564
14.22,-0.000118484
14.24,-0.00012061
14.26,-0.000122935
14.28,-0.000125454
14.3,-0.000128157
14.32,-0.000131033
14.34,-0.000134071
14.36,-0.000137261
14.38,-0.000140591
14.4,-0.000144047
14.42,-0.000147619
14.44,-0.000151295
14.46,-0.000155067
14.48,-0.000158925
14.5,-0.000162862
14.52,-0.000166871
14.54,-0.000170948
14.56,-0.000175088
14.58,-0.000179292
14.6,-0.000183556
14.62,-0.000187883
14.64,-0.000192274
14.66,-0.000196733
14.68,-0.000201269
14.7,-0.000205888
14.72,-0.000210601
14.74,-0.00021542
14.76,-0.000220357
14.78,-0.000225425
14.8,-0.000230636
14.82,-0.000236003
14.84,-0.000241541
14.86,-0.000247265
14.88,-0.000253189
14.9,-0.000259327
14.92,-0.000265693
14.94,-0.0002723
14.96,-0.000279161
14.98,-0.000286286
15,-0.000293687
15.02,-0.000301372
15.04,-0.000309347
15.06,-0.000317617
15.08,-0.000326184
15.1,-0.000335052
15.12,-0.000344219
15.14,-0.000353686
15.16,-0.000363451
15.18,-0.000373511
15.2,-0.00038386
15.22,-0.000394488
15.24,-0.000405387
15.26,-0.000416545
15.28,-0.00042795
15.3,-0.000439592
15.32,-0.000451457
15.34,-0.000463532
15.36,-0.000475802
15.38,-0.000488252
15.4,-0.000500866
15.42,-0.00051363
15.44,-0.000526528
15.46,-0.000539546
15.48,-0.000552667
15.5,-0.000565879
15.52,-0.000579167
15.54,-0.000592518
15.56,-0.000605921
15.58,-0.000619363
15.6,-0.000632836
15.62,-0.000646328
15.64,-0.00065983
15.66,-0.000673333
15.68,-0.000686829
15.7,-0.000700311
15.72,-0.000713776
15.74,-0.000727216
15.76,-0.000740628
15.78,-0.000754007
15.8,-0.00076735
15.82,-0.000780655
15.84,-0.000793918
15.86,-0.000807139
15.88,-0.000820313
15.9,-0.000833438
15.92,-0.00084651
15.94,-0.000859526
15.96,-0.000872483
15.98,-0.000885381
16,-0.000898217
16.02,-0.000910988
16.04,-0.00092369
16.06,-0.000936315
16.08,-0.000948856
16.1,-0.000961306
16.12,-0.00097366
16.14,-0.00098591
16.16,-0.000998048
16.18,-0.00101007
16.2,-0.00102195
16.22,-0.0010337
16.24,-0.00104529
16.26,-0.00105672
16.28,-0.00106798
16.3,-0.00107905
16.32,-0.00108993
16.34,-0.0011006
16.36,-0.00111105
16.38,-0.00112127
16.4,-0.00113126
16.42,-0.001141
16.44,-0.00115048
16.46,-0.00115969
16.48,-0.00116863
16.5,-0.00117729
16.52,-0.00118567
16.54,-0.00119375
16.56,-0.00120153
16.58,-0.00120901
16.6,-0.00121617
16.62,-0.00122303
16.64,-0.00122956
16.66,-0.00123578
16.68,-0.00124169
16.7,-0.00124728
16.72,-0.00125256
16.74,-0.00125752
16.76,-0.00126217
16.78,-0.00126652
16.8,-0.00127056
16.82,-0.00127431
16.84,-0.00127777
16.86,-0.00128094
16.88,-0.00128383
16.9,-0.00128646
16.92,-0.00128881
16.94,-0.00129091
16.96,-0.00129275
16.98,-0.00129435
17,-0.00129571
17.02,-0.00129685
17.04,-0.00129776
17.06,-0.00129845
17.08,-0.00129894
17.1,-0.00129922
17.12,-0.0012993
17.14,-0.00129919
17.16,-0.0012989
17.18,-0.00129844
17.2,-0.00129781
17.22,-0.00129702
17.24,-0.00129607
17.26,-0.00129497
17.28,-0.00129374
17.3,-0.00129238
17.32,-0.00129089
17.34,-0.00128929
17.36,-0.00128758
17.38,-0.00128578
17.4,-0.00128388
17.42,-0.0012819
17.44,-0.00127986
17.46,-0.00127777
17.48,-0.00127563
17.5,-0.00127346
17.52,-0.00127126
17.54,-0.00126905
17.56,-0.00126683
17.58,-0.00126462
17.6,-0.00126241
17.62,-0.00126019
17.64,-0.00125797
17.66,-0.00125579
17.68,-0.00125366
17.7,-0.00125162
17.72,-0.00124967
17.74,-0.00124782
17.76,-0.00124613
17.78,-0.00124468
17.8,-0.00124362
17.82,-0.00124282
17.84,-0.00124233
17.86,-0.00124217
17.88,-0.00124367
17.9,-0.00124586
17.92,-0.00124847
17.94,-0.0012515
17.96,-0.00125486
17.98,-0.00125856
18,-0.00126235
18.02,-0.00126637
18.04,-0.0012708
18.06,-0.00127562
18.08,-0.00127996
18.1,-0.0012841
18.12,-0.00128856
18.14,-0.00129367
18.16,-0.00129936
18.18,-0.00130566
18.2,-0.0013126
18.22,-0.00132022
18.24,-0.00132846
18.26,-0.00133737
18.28,-0.00134699
18.3,-0.00135728
18.32,-0.00136819
18.34,-0.0013797
18.36,-0.00139186
18.38,-0.00140472
18.4,-0.00141822
18.42,-0.00143232
18.44,-0.00144702
18.46,-0.00146236
18.48,-0.00147834
18.5,-0.00149498
18.52,-0.00151227
18.54,-0.00153023
18.56,-0.00154883
18.58,-0.00156808
18.6,-0.00158797
18.62,-0.00160852
18.64,-0.00162971
18.66,-0.00165154
18.68,-0.00167399
18.7,-0.00169706
18.72,-0.00172075
18.74,-0.00174504
18.76,-0.00176992
18.78,-0.00179538
18.8,-0.0018214
18.82,-0.00184797
18.84,-0.00187508
18.86,-0.00190271
18.88,-0.00193086
18.9,-0.0019595
18.92,-0.00198861
18.94,-0.00201818
18.96,-0.00204818
18.98,-0.00207859
19,-0.00210939
19.02,-0.00214056
19.04,-0.00217209
19.06,-0.00220393
19.08,-0.00223607
19.1,-0.00226848
19.12,-0.00230114
19.14,-0.00233401
19.16,-0.00236707
19.18,-0.00240029
19.2,-0.00243364
19.22,-0.0024671
19.24,-0.00250063
19.26,-0.0025342
19.28,-0.00256779
19.3,-0.00260136
19.32,-0.00263488
19.34,-0.00266833
19.36,-0.00270168
19.38,-0.0027349
19.4,-0.00276795
19.42,-0.0028008
19.44,-0.00283344
19.46,-0.00286582
19.48,-0.00289793
19.5,-0.00292974
19.52,-0.00296121
19.54,-0.00299233
19.56,-0.00302306
19.58,-0.00305339
19.6,-0.00308329
19.62,-0.00311274
19.64,-0.0031417
19.66,-0.00317017
19.68,-0.00319813
19.7,-0.00322554
19.72,-0.00325241
19.74,-0.0032787
19.76,-0.0033044
19.78,-0.00332949
19.8,-0.00335397
19.82,-0.00337782
19.84,-0.00340101
19.86,-0.00342355
19.88,-0.00344542
19.9,-0.00346662
19.92,-0.00348712
19.94,-0.00350694
19.96,-0.00352606
19.98,-0.00354446
20,-0.00356214
20.02,-0.00357911
20.04,-0.00359536
20.06,-0.00361088
20.08,-0.00362567
20.1,-0.00363973
20.12,-0.00365306
20.14,-0.00366565
20.16,-0.00367751
20.18,-0.00368864
20.2,-0.00369903
20.22,-0.0037087
20.24,-0.00371763
20.26,-0.00372584
20.28,-0.00373333
20.3,-0.00374009
20.32,-0.00374614
20.34,-0.00375148
20.36,-0.00375611
20.38,-0.00376004
20.4,-0.00376328
20.42,-0.00376583
20.44,-0.00376769
20.46,-0.00376887
20.48,-0.00376938
20.5,-0.00376924
20.52,-0.00376844
20.54,-0.00376699
20.56,-0.00376489
20.58,-0.00376216
20.6,-0.00375879
20.62,-0.00375481
20.64,-0.0037502
20.66,-0.00374499
20.68,-0.00373918
20.7,-0.00373276
20.72,-0.00372576
20.74,-0.00371816
20.76,-0.00370998
20.78,-0.00370122
20.8,-0.00369189
20.82,-0.003682
20.84,-0.00367154
20.86,-0.00366052
20.88,-0.00364894
20.9,-0.0036368
20.92,-0.0036241
20.94,-0.00361085
20.96,-0.00359704
20.98,-0.00358268
21,-0.00356776
21.02,-0.00355228
21.04,-0.00353623
21.06,-0.00351962
21.08,-0.00350243
21.1,-0.00348466
21.12,-0.0034663
21.14,-0.00344735
21.16,-0.0034278
21.18,-0.00340765
21.2,-0.00338687
21.22,-0.00336546
21.24,-0.0033434
21.26,-0.00332069
21.28,-0.0032973
21.3,-0.00327324
21.32,-0.00324847
21.34,-0.00322299
21.36,-0.00319678
21.38,-0.00316981
21.4,-0.00314207
21.42,-0.00311354
21.44,-0.00308419
21.46,-0.00305401
21.48,-0.00302297
21.5,-0.00299105
21.52,-0.00295821
21.54,-0.00292445
21.56,-0.00288972
21.58,-0.002854
21.6,-0.00281726
21.62,-0.00277947
21.64,-0.00274061
21.66,-0.00270064
21.68,-0.00265953
21.7,-0.00261723
21.72,-0.00257372
21.74,-0.00252896
21.76,-0.00248291
21.78,-0.00243555
21.8,-0.00238682
21.82,-0.00233668
21.84,-0.0022851
21.86,-0.00223203
21.88,-0.00217744
21.9,-0.00212127
21.92,-0.00206348
21.94,-0.00200403
21.96,-0.00194288
21.98,-0.00187997
22,-0.00181526
22.02,-0.00174871
22.04,-0.00168025
22.06,-0.00160985
22.08,-0.00153746
22.1,-0.00146303
22.12,-0.00138651
22.14,-0.00130784
22.16,-0.00122697
22.18,-0.00114386
22.2,-0.00105845
22.22,-0.00097069
22.24,-0.000880531
22.26,-0.000787924
22.28,-0.00069282
22.3,-0.000595174
22.32,-0.000494933
22.34,-0.000392045
22.36,-0.000286467
22.38,-0.000178155
22.4,-6.7068e-05
22.42,4.68316e-05
22.44,0.000163589
22.46,0.000283245
22.48,0.000405831
22.5,0.000531383
22.52,0.00065993
22.54,0.000791499
22.56,0.000926119
22.58,0.00106381
22.6,0.00120459
22.62,0.00134847
22.64,0.00149548
22.66,0.0016456
22.68,0.00179885
22.7,0.00195522
22.72,0.00211469
22.74,0.00227726
22.76,0.00244291
22.78,0.00261161
22.8,0.00278332
22.82,0.002958
22.84,0.0031356
22.86,0.00331608
22.88,0.00349935
22.9,0.00368537
22.92,0.00387402
22.94,0.00406523
22.96,0.00425889
22.98,0.00445489
23,0.00465311
23.02,0.00485341
23.04,0.00505564
23.06,0.00525965
23.08,0.00546528
23.1,0.00567233
23.12,0.00588061
23.14,0.00608991
23.16,0.00630003
23.18,0.00651073
23.2,0.00672174
23.22,0.0069328
23.24,0.00714363
23.26,0.00735397
23.28,0.0075635
23.3,0.0077719
23.32,0.0079788
23.34,0.00818386
23.36,0.00838675
23.38,0.0085871
23.4,0.0087845
23.42,0.00897851
23.44,0.00916866
23.46,0.0093546
23.48,0.00953597
23.5,0.00971227
23.52,0.00988289
23.54,0.0100473
23.56,0.0102053
23.58,0.0103563
23.6,0.0105
23.62,0.0106354
23.64,0.0107621
23.66,0.0108798
23.68,0.0109884
23.7,0.0110868
23.72,0.0111744
23.74,0.0112508
23.76,0.0113148
23.78,0.011367
23.8,0.0114071
23.82,0.011434
23.84,0.0114456
23.86,0.0114394
23.88,0.0114207
23.9,0.0113874
23.92,0.0113386
23.94,0.0112739
23.96,0.0111928
23.98,0.0110959
24,0.0109826
24.02,0.0108522
24.04,0.0107039
24.06,0.0105371
24.08,0.0103566
24.1,0.0101597
24.12,0.00994567
24.14,0.00971431
24.16,0.00946583
24.18,0.00920034
24.2,0.00891782
24.22,0.00861847
24.24,0.0083027
24.26,0.00797091
24.28,0.0076236
24.3,0.00726097
24.32,0.00688355
24.34,0.00649198
24.36,0.00608686
24.38,0.00566882
24.4,0.00523851
24.42,0.00479668
24.44,0.00434414
24.46,0.00388175
24.48,0.00341034
24.5,0.0029308
24.52,0.00244408
24.54,0.00195117
24.56,0.00145305
24.58,0.000950741
24.6,0.000445282
24.62,-6.2274e-05
24.64,-0.000570849
24.66,-0.00107937
24.68,-0.00158677
24.7,-0.00209198
24.72,-0.00259393
24.74,-0.00309157
24.76,-0.00358385
24.78,-0.00406977
24.8,-0.00454832
24.82,-0.00501856
24.84,-0.00547955
24.86,-0.00593039
24.88,-0.00637024
24.9,-0.00679828
24.92,-0.00721376
24.94,-0.00761597
24.96,-0.00800425
24.98,-0.008378
25,-0.00873666
25.02,-0.00907976
25.04,-0.00940686
25.06,-0.00971759
25.08,-0.0100116
25.1,-0.0102888
25.12,-0.0105488
25.14,-0.0107916
25.16,-0.0110171
25.18,-0.0112252
25.2,-0.0114161
25.22,-0.0115898
25.24,-0.0117464
25.26,-0.0118862
25.28,-0.0120094
25.3,-0.0121164
25.32,-0.0122074
25.34,-0.0122827
25.36,-0.012343
25.38,-0.0123884
25.4,-0.0124197
25.42,-0.0124371
25.44,-0.0124414
25.46,-0.0124329
25.48,-0.0124124
25.5,-0.0123803
25.52,-0.0123372
25.54,-0.0122837
25.56,-0.0122205
25.58,-0.0121482
25.6,-0.0120672
25.62,-0.0119784
25.64,-0.0118821
25.66,-0.0117791
25.68,-0.0116699
25.7,-0.0115551
25.72,-0.0114352
25.74,-0.0113108
25.76,-0.0111823
25.78,-0.0110504
25.8,-0.0109155
25.82,-0.0107781
25.84,-0.0106386
25.86,-0.0104975
25.88,-0.0103552
25.9,-0.0102121
25.92,-0.0100685
25.94,-0.00992479
25.96,-0.00978136
25.98,-0.00963848
26,-0.00949644
26.02,-0.00935551
26.04,-0.00921596
26.06,-0.009078
26.08,-0.00894184
26.1,-0.00880768
26.12,-0.00867569
26.14,-0.00854603
26.16,-0.00841884
26.18,-0.00829425
26.2,-0.00817236
26.22,-0.00805327
26.24,-0.00793705
26.26,-0.00782378
26.28,-0.00771352
26.3,-0.0076063
26.32,-0.00750216
26.34,-0.00740113
26.36,-0.00730321
26.38,-0.00720842
26.4,-0.00711676
26.42,-0.00702822
26.44,-0.00694278
26.46,-0.00686042
26.48,-0.00678112
26.5,-0.00670484
26.52,-0.00663157
26.54,-0.00656126
26.56,-0.00649386
26.58,-0.00642933
26.6,-0.00636763
26.62,-0.0063087
26.64,-0.00625251
26.66,-0.00619899
26.68,-0.00614809
26.7,-0.00609977
26.72,-0.00605396
26.74,-0.00601062
26.76,-0.00596969
26.78,-0.00593111
26.8,-0.00589485
26.82,-0.00586083
26.84,-0.00582901
26.86,-0.00579933
26.88,-0.00577175
26.9,-0.00574621
26.92,-0.00572266
26.94,-0.00570105
26.96,-0.00568134
26.98,-0.00566348
27,-0.00564741
27.02,-0.0056331
27.04,-0.00562049
27.06,-0.00560953
27.08,-0.00560018
27.1,-0.00559239
27.12,-0.0055861
27.14,-0.00558128
27.16,-0.00557788
27.18,-0.00557584
27.2,-0.00557511
27.22,-0.00557565
27.24,-0.00557741
27.26,-0.00558033
27.28,-0.00558436
27.3,-0.00558945
27.32,-0.00559554
27.34,-0.00560257
27.36,-0.00561049
27.38,-0.00561923
27.4,-0.00562875
27.42,-0.00563897
27.44,-0.00564983
27.46,-0.00566126
27.48,-0.00567321
27.5,-0.00568559
27.52,-0.00569833
27.54,-0.00571135
27.56,-0.00572458
27.58,-0.00573793
27.6,-0.00575133
27.62,-0.00576468
27.64,-0.0057779
27.66,-0.00579089
27.68,-0.00580355
27.7,-0.0058158
27.72,-0.00582752
27.74,-0.00583862
27.76,-0.00584898
27.78,-0.00585848
27.8,-0.00586702
27.82,-0.00587448
27.84,-0.00588073
27.86,-0.00588566
27.88,-0.00588913
27.9,-0.00589101
27.92,-0.00589117
27.94,-0.00588947
27.96,-0.00588577
27.98,-0.00587993
28,-0.0058718
28.02,-0.00586123
28.04,-0.00584807
28.06,-0.00583217
28.08,-0.00581337
28.1,-0.00579151
28.12,-0.00576644
28.14,-0.005738
28.16,-0.00570601
28.18,-0.00567032
28.2,-0.00563076
28.22,-0.00558717
28.24,-0.00553939
28.26,-0.00548725
28.28,-0.00543059
28.3,-0.00536926
28.32,-0.0053031
28.34,-0.00523196
28.36,-0.00515568
28.38,-0.00507411
28.4,-0.00498713
28.42,-0.00489459
28.44,-0.00479637
28.46,-0.00469235
28.48,-0.0045824
28.5,-0.00446644
28.52,-0.00434435
28.54,-0.00421607
28.56,-0.00408151
28.58,-0.0039406
28.6,-0.00379331
28.62,-0.0036396
28.64,-0.00347945
28.66,-0.00331285
28.68,-0.00313982
28.7,-0.00296037
28.72,-0.00277457
28.74,-0.00258249
28.76,-0.00238419
28.78,-0.00217978
28.8,-0.0019694
28.82,-0.00175319
28.84,-0.00153132
28.86,-0.00130399
28.88,-0.00107141
28.9,-0.000833825
28.92,-0.0005915
28.94,-0.000344715
28.96,-9.37964e-05
28.98,0.000160926
29,0.000419081
29.02,0.000680266
29.04,0.000944083
29.06,0.0012101
29.08,0.00147778
29.1,0.00174665
29.12,0.00201622
29.14,0.00228594
29.16,0.00255522
29.18,0.00282333
29.2,0.00308963
29.22,0.00335373
29.24,0.00361501
29.26,0.0038725
29.28,0.00412532
29.3,0.00437294
29.32,0.00461527
29.34,0.00485155
29.36,0.00508043
29.38,0.00530005
29.4,0.00551242
29.42,0.00571736
29.44,0.00591273
29.46,0.00609651
29.48,0.00626469
29.5,0.00641792
29.52,0.00655569
29.54,0.00667654
29.56,0.00677912
29.58,0.00686376
29.6,0.00692878
29.62,0.00697335
29.64,0.00699325
29.66,0.0069864
29.68,0.00695296
29.7,0.00689187
29.72,0.00680197
29.74,0.00668206
29.76,0.00653045
29.78,0.0063456
29.8,0.00612601
29.82,0.00587007
29.84,0.00557649
29.86,0.00524384
29.88,0.00487075
29.9,0.00445595
29.92,0.00399827
29.94,0.00349669
29.96,0.00295042
29.98,0.00235876
30,0.00172122
30.02,0.00103754
30.04,0.000307648
30.06,-0.000468218
30.08,-0.00128955
30.1,-0.00215556
30.12,-0.00306513
30.14,-0.00401682
30.16,-0.00500888
30.18,-0.00603918
30.2,-0.00710526
30.22,-0.00820429
30.24,-0.00933312
30.26,-0.0104882
30.28,-0.0116659
30.3,-0.0128618
30.32,-0.0140717
30.34,-0.0152909
30.36,-0.0165145
30.38,-0.0177374
30.4,-0.0189544
30.42,-0.0201602
30.44,-0.0213495
30.46,-0.0225167
30.48,-0.0236566
30.5,-0.024764
30.52,-0.0258336
30.54,-0.0268606
30.56,-0.0278402
30.58,-0.028768
30.6,-0.02964
30.62,-0.0304523
30.64,-0.0312015
30.66,-0.0318848
30.68,-0.0324997
30.7,-0.033044
30.72,-0.0335164
30.74,-0.0339156
30.76,-0.0342411
30.78,-0.0344929
30.8,-0.0346712
30.82,-0.0347768
30.84,-0.0348112
30.86,-0.0347759
30.88,-0.034673
30.9,-0.0345049
30.92,-0.0342744
30.94,-0.0339845
30.96,-0.0336385
30.98,-0.0332398
31,-0.0327922
31.02,-0.0322994
31.04,-0.0317652
31.06,-0.0311938
31.08,-0.0305889
31.1,-0.0299546
31.12,-0.0292948
31.14,-0.0286132
31.16,-0.0279136
31.18,-0.0271997
31.2,-0.0264748
31.22,-0.0257423
31.24,-0.0250053
31.26,-0.0242667
31.28,-0.0235292
31.3,-0.0227954
31.32,-0.0220675
31.34,-0.0213477
31.36,-0.0206379
31.38,-0.0199396
31.4,-0.0192545
31.42,-0.0185838
31.44,-0.0179287
31.46,-0.0172899
31.48,-0.0166684
31.5,-0.0160647
31.52,-0.0154792
31.54,-0.0149123
31.56,-0.0143642
31.58,-0.013835
31.6,-0.0133247
31.62,-0.0128331
31.64,-0.0123602
31.66,-0.0119057
31.68,-0.0114694
31.7,-0.0110508
31.72,-0.0106498
31.74,-0.0102658
31.76,-0.00989849
31.78,-0.00954749
31.8,-0.00921238
31.82,-0.00889275
31.84,-0.0085882
31.86,-0.00829834
31.88,-0.00802281
31.9,-0.00776123
31.92,-0.00751326
31.94,-0.0072786
31.96,-0.00705693
31.98,-0.00684797
32,-0.00665148
32.02,-0.00646722
32.04,-0.00629497
32.06,-0.00613455
32.08,-0.00598578
32.1,-0.0058485
32.12,-0.00572259
32.14,-0.00560792
32.16,-0.00550438
32.18,-0.00541188
32.2,-0.00533032
32.22,-0.00525963
32.24,-0.00519975
32.26,-0.00515061
32.28,-0.00511214
32.3,-0.0050843
32.32,-0.005067
32.34,-0.0050602
32.36,-0.00506383
32.38,-0.00507781
32.4,-0.00510208
32.42,-0.00513652
32.44,-0.00518107
32.46,-0.00523559
32.48,-0.00529999
32.5,-0.00537411
32.52,-0.0054578
32.54,-0.00555089
32.56,-0.00565318
32.58,-0.00576447
32.6,-0.00588451
32.62,-0.00601304
32.64,-0.00614978
32.66,-0.0062944
32.68,-0.00644655
32.7,-0.00660588
32.72,-0.00677197
32.74,-0.00694438
32.76,-0.00712261
32.78,-0.00730615
32.8,-0.00749444
32.82,-0.0076869
32.84,-0.00788289
32.86,-0.00808173
32.88,-0.00828269
32.9,-0.008485
32.92,-0.00868785
32.94,-0.0088904
32.96,-0.00909175
32.98,-0.00929094
33,-0.00948698
33.02,-0.00967883
33.04,-0.00986543
33.06,-0.0100457
33.08,-0.0102184
33.1,-0.0103824
33.12,-0.0105365
33.14,-0.0106793
33.16,-0.0108097
33.18,-0.0109263
33.2,-0.0110278
33.22,-0.0111129
33.24,-0.0111801
33.26,-0.0112282
33.28,-0.0112558
33.3,-0.0112615
33.32,-0.0112441
33.34,-0.0112022
33.36,-0.0111345
33.38,-0.0110399
33.4,-0.0109171
33.42,-0.010765
33.44,-0.0105825
33.46,-0.0103687
33.48,-0.0101225
33.5,-0.00984319
33.52,-0.00952993
33.54,-0.00918211
33.56,-0.00879918
33.58,-0.00838069
33.6,-0.00792631
33.62,-0.00743585
33.64,-0.00690926
33.66,-0.00634662
33.68,-0.00574814
33.7,-0.00511415
33.72,-0.00444513
33.74,-0.00374173
33.76,-0.00300475
33.78,-0.00223511
33.8,-0.00143389
33.82,-0.000602292
33.84,0.000258341
33.86,0.00114651
33.88,0.0020606
33.9,0.00299887
33.92,0.00395945
33.94,0.00494038
33.96,0.00593959
33.98,0.00695491
34,0.00798408
34.02,0.00902476
34.04,0.0100745
34.06,0.011131
34.08,0.0121916
34.1,0.0132539
34.12,0.0143152
34.14,0.0153729
34.16,0.0164247
34.18,0.0174678
34.2,0.0184997
34.22,0.019518
34.24,0.0205201
34.26,0.0215038
34.28,0.0224668
34.3,0.0234067
34.32,0.0243214
34.34,0.0252087
34.36,0.0260667
34.38,0.0268934
34.4,0.0276873
34.42,0.0284465
34.44,0.0291696
34.46,0.0298553
34.48,0.0305009
34.5,0.0311035
34.52,0.031664
34.54,0.0321824
34.56,0.0326586
34.58,0.033092
34.6,0.0334825
34.62,0.0338311
34.64,0.0341375
34.66,0.0344011
34.68,0.0346222
34.7,0.0348008
34.72,0.0349383
34.74,0.0350378
34.76,0.0350975
34.78,0.0351175
34.8,0.0350984
34.82,0.0350409
34.84,0.034946
34.86,0.0348145
34.88,0.0346464
34.9,0.0344431
34.92,0.0342053
34.94,0.0339341
34.96,0.0336298
34.98,0.033293
35,0.032924
35.02,0.032523
35.04,0.0320902
35.06,0.0316252
35.08,0.0311276
35.1,0.030597
35.12,0.0300326
35.14,0.0294335
35.16,0.0287986
35.18,0.0281267
35.2,0.0274165
35.22,0.0266665
35.24,0.0258753
35.26,0.0250413
35.28,0.024163
35.3,0.023239
35.32,0.022268
35.34,0.0212489
35.36,0.0201807
35.38,0.0190628
35.4,0.0178948
35.42,0.016677
35.44,0.0154098
35.46,0.0140942
35.48,0.0127317
35.5,0.0113245
35.52,0.00987516
35.54,0.00838697
35.56,0.00686375
35.58,0.00530994
35.6,0.00373052
35.62,0.00213101
35.64,0.000517447
35.66,-0.00110367
35.68,-0.00272547
35.7,-0.00434074
35.72,-0.00594205
35.74,-0.00752179
35.76,-0.00907227
35.78,-0.0105858
35.8,-0.0120549
35.82,-0.013472
35.84,-0.0148302
35.86,-0.0161228
35.88,-0.0173435
35.9,-0.0184865
35.92,-0.0195468
35.94,-0.0205198
35.96,-0.0214019
35.98,-0.0221899
36,-0.0228815
36.02,-0.0234753
36.04,-0.0239705
36.06,-0.0243671
36.08,-0.0246659
36.1,-0.0248684
36.12,-0.0249766
36.14,-0.0249934
36.16,-0.0249222
36.18,-0.0247667
36.2,-0.0245314
36.22,-0.0242209
36.24,-0.0238404
36.26,-0.023395
36.28,-0.0228904
36.3,-0.0223321
36.32,-0.0217258
36.34,-0.0210773
36.36,-0.0203923
36.38,-0.0196762
36.4,-0.0189346
36.42,-0.0181726
36.44,-0.0173953
36.46,-0.0166075
36.48,-0.0158137
36.5,-0.0150182
36.52,-0.0142249
36.54,-0.0134374
36.56,-0.012659
36.58,-0.0118927
36.6,-0.0111413
36.62,-0.0104071
36.64,-0.00969233
36.66,-0.00899868
36.68,-0.00832778
36.7,-0.00768095
36.72,-0.00705927
36.74,-0.00646361
36.76,-0.00589464
36.78,-0.00535284
36.8,-0.00483859
36.82,-0.00435207
36.84,-0.00389336
36.86,-0.00346243
36.88,-0.00305913
36.9,-0.00268326
36.92,-0.00233457
36.94,-0.00201272
36.96,-0.00171735
36.98,-0.00144805
37,-0.00120438
37.02,-0.000985886
37.04,-0.000792113
37.06,-0.000622568
37.08,-0.000476756
37.1,-0.000354173
37.12,-0.00025429
37.14,-0.000176572
37.16,-0.000120473
37.18,-8.5419e-05
37.2,-7.08249e-05
37.22,-7.60753e-05
37.24,-0.000100499
37.26,-0.000143393
37.28,-0.000204011
37.3,-0.00028155
37.32,-0.000375156
37.34,-0.0004839
37.36,-0.000606751
37.38,-0.00074261
37.4,-0.000890287
37.42,-0.0010485
37.44,-0.00121588
37.46,-0.00139092
37.48,-0.00157198
37.5,-0.00175732
37.52,-0.00194507
37.54,-0.00213327
37.56,-0.0023198
37.58,-0.00250243
37.6,-0.00267876
37.62,-0.00284628
37.64,-0.0030024
37.66,-0.00314438
37.68,-0.00326939
37.7,-0.00337448
37.72,-0.00345658
37.74,-0.00351258
37.76,-0.0035393
37.78,-0.00353352
37.8,-0.00349195
37.82,-0.00341129
37.84,-0.00328822
37.86,-0.00311944
37.88,-0.00290172
37.9,-0.00263189
37.92,-0.00230684
37.94,-0.00192356
37.96,-0.00147916
37.98,-0.000970912
38,-0.000396296
38.02,0.000247034
38.04,0.000961204
38.06,0.0017481
38.08,0.00260934
38.1,0.00354626
38.12,0.00455987
38.14,0.00565088
38.16,0.00681967
38.18,0.00806628
38.2,0.00939038
38.22,0.0107913
38.24,0.0122679
38.26,0.0138189
38.28,0.0154423
38.3,0.0171361
38.32,0.0188976
38.34,0.0207241
38.36,0.0226123
38.38,0.0245585
38.4,0.026559
38.42,0.0286095
38.44,0.0307055
38.46,0.0328425
38.48,0.0350153
38.5,0.0372189
38.52,0.0394479
38.54,0.0416968
38.56,0.04396
38.58,0.0462319
38.6,0.0485066
38.62,0.0507783
38.64,0.0530414
38.66,0.0552899
38.68,0.0575182
38.7,0.0597206
38.72,0.0618917
38.74,0.0640259
38.76,0.0661183
38.78,0.0681642
38.8,0.0701585
38.82,0.0720964
38.84,0.0739736
38.86,0.0757859
38.88,0.0775297
38.9,0.079201
38.92,0.0807967
38.94,0.0823139
38.96,0.0837499
38.98,0.0851025
39,0.0863571
39.02,0.0875196
39.04,0.0885923
39.06,0.0895749
39.08,0.0904666
39.1,0.0912682
39.12,0.0919792
39.14,0.0925988
39.16,0.0931271
39.18,0.0935632
39.2,0.0939071
39.22,0.0941589
39.24,0.0943317
39.26,0.0944169
39.28,0.0944114
39.3,0.0943146
39.32,0.0941266
39.34,0.0938474
39.36,0.0934763
39.38,0.0930116
39.4,0.0924539
39.42,0.0918033
39.44,0.0910595
39.46,0.0902219
39.48,0.0892895
39.5,0.0882616
39.52,0.0871372
39.54,0.0859155
39.56,0.0845953
39.58,0.0831756
39.6,0.0816555
39.62,0.0800346
39.64,0.0783125
39.66,0.0764891
39.68,0.0745648
39.7,0.0725404
39.72,0.0704172
39.74,0.0681973
39.76,0.0658832
39.78,0.0634781
39.8,0.060986
39.82,0.0584118
39.84,0.0557609
39.86,0.0530398
39.88,0.0502554
39.9,0.0474156
39.92,0.044529
39.94,0.0416049
39.96,0.038653
39.98,0.0356839
40,0.0327082
40.02,0.0297372
40.04,0.0267823
40.06,0.023855
40.08,0.0209669
40.1,0.0181293
40.12,0.0153535
40.14,0.0126502
40.16,0.0100298
40.18,0.0075019
40.2,0.00507568
40.22,0.00275935
40.24,0.000560272
40.26,-0.0015151
40.28,-0.00346129
40.3,-0.00527385
40.32,-0.00694942
40.34,-0.00848567
40.36,-0.00988134
40.38,-0.0111362
40.4,-0.012251
40.42,-0.0132275
40.44,-0.0140682
40.46,-0.0147768
40.48,-0.0153573
40.5,-0.0158148
40.52,-0.0161547
40.54,-0.0163831
40.56,-0.0165064
40.58,-0.0165315
40.6,-0.0164655
40.62,-0.0163155
40.64,-0.016089
40.66,-0.0157932
40.68,-0.0154355
40.7,-0.0150231
40.72,-0.014563
40.74,-0.0140621
40.76,-0.0135268
40.78,-0.0129634
40.8,-0.0123778
40.82,-0.0117756
40.84,-0.011162
40.86,-0.0105418
40.88,-0.00991947
40.9,-0.00929903
40.92,-0.00868418
40.94,-0.00807823
40.96,-0.00748413
40.98,-0.00690448
41,-0.00634155
41.02,-0.00579731
41.04,-0.00527345
41.06,-0.00477142
41.08,-0.00429236
41.1,-0.00383724
41.12,-0.00340681
41.14,-0.00300163
41.16,-0.00262215
41.18,-0.00226863
41.2,-0.00194125
41.22,-0.00164004
41.24,-0.00136497
41.26,-0.00111595
41.28,-0.000892795
41.3,-0.000695296
41.32,-0.000523178
41.34,-0.00037614
41.36,-0.000253847
41.38,-0.00015593
41.4,-8.20013e-05
41.42,-3.16288e-05
41.44,-4.34691e-06
41.46,3.37088e-07
41.48,-1.70393e-05
41.5,-5.58869e-05
41.52,-0.000115578
41.54,-0.000195396
41.56,-0.000294552
41.58,-0.000412178
41.6,-0.000547306
41.62,-0.000698851
41.64,-0.000865633
41.66,-0.0010463
41.68,-0.00123937
41.7,-0.00144319
41.72,-0.00165595
41.74,-0.00187564
41.76,-0.00210008
41.78,-0.00232685
41.8,-0.00255334
41.82,-0.0027767
41.84,-0.00299387
41.86,-0.00320156
41.88,-0.00339627
41.9,-0.00357422
41.92,-0.00373145
41.94,-0.00386374
41.96,-0.00396669
41.98,-0.00403573
42,-0.00406607
42.02,-0.00405272
42.04,-0.00399061
42.06,-0.0038745
42.08,-0.00369911
42.1,-0.00345909
42.12,-0.00314904
42.14,-0.00276357
42.16,-0.00229733
42.18,-0.0017451
42.2,-0.00110177
42.22,-0.000362446
42.24,0.000477603
42.26,0.00142283
42.28,0.00247736
42.3,0.00364495
42.32,0.00492894
42.34,0.00633224
42.36,0.0078573
42.38,0.00950604
42.4,0.0112798
42.42,0.0131793
42.44,0.0152048
42.46,0.0173556
42.48,0.0196307
42.5,0.0220282
42.52,0.0245457
42.54,0.0271799
42.56,0.0299271
42.58,0.0327826
42.6,0.0357413
42.62,0.0387975
42.64,0.0419448
42.66,0.0451761
42.68,0.0484841
42.7,0.0518606
42.72,0.0552973
42.74,0.0587854
42.76,0.0623155
42.78,0.0658783
42.8,0.069464
42.82,0.0730627
42.84,0.0766642
42.86,0.0802584
42.88,0.0838353
42.9,0.0873847
42.92,0.0908967
42.94,0.0943612
42.96,0.0977688
42.98,0.10111
43,0.104376
43.02,0.107557
43.04,0.110646
43.06,0.113636
43.08,0.116517
43.1,0.119284
43.12,0.121928
43.14,0.124445
43.16,0.126829
43.18,0.129074
43.2,0.131176
43.22,0.133132
43.24,0.134937
43.26,0.136575
43.28,0.138049
43.3,0.139364
43.32,0.140522
43.34,0.14152
43.36,0.142361
43.38,0.143043
43.4,0.143568
43.42,0.143936
43.44,0.144146
43.46,0.1442
43.48,0.1441
43.5,0.143864
43.52,0.143479
43.54,0.142942
43.56,0.142254
43.58,0.141417
43.6,0.140432
43.62,0.139299
43.64,0.138018
43.66,0.136591
43.68,0.135021
43.7,0.133309
43.72,0.131457
43.74,0.129466
43.76,0.127337
43.78,0.125072
43.8,0.122673
43.82,0.120141
43.84,0.11748
43.86,0.11469
43.88,0.111776
43.9,0.10874
43.92,0.105588
43.94,0.102323
43.96,0.0989506
43.98,0.0954775
44,0.0919103
44.02,0.0882564
44.04,0.0845242
44.06,0.0807227
44.08,0.0768619
44.1,0.0729523
44.12,0.0690051
44.14,0.0650319
44.16,0.0610452
44.18,0.0570578
44.2,0.0530826
44.22,0.0491329
44.24,0.0452221
44.26,0.0413635
44.28,0.0375704
44.3,0.0338555
44.32,0.0302313
44.34,0.0267096
44.36,0.0233017
44.38,0.0200181
44.4,0.0168681
44.42,0.0138604
44.44,0.0110025
44.46,0.00830069
44.48,0.00576023
44.5,0.00338513
44.52,0.00117823
44.54,-0.000858871
44.56,-0.00272572
44.58,-0.00442305
44.6,-0.00595264
44.62,-0.00731734
44.64,-0.00852093
44.66,-0.00956812
44.68,-0.0104644
44.7,-0.011216
44.72,-0.0118297
44.74,-0.0123128
44.76,-0.0126731
44.78,-0.0129186
44.8,-0.0130577
44.82,-0.0130986
44.84,-0.01305
44.86,-0.0129201
44.88,-0.0127174
44.9,-0.0124499
44.92,-0.0121256
44.94,-0.0117522
44.96,-0.0113369
44.98,-0.0108866
45,-0.010408
45.02,-0.00990714
45.04,-0.0093898
45.06,-0.00886124
45.08,-0.00832633
45.1,-0.00778949
45.12,-0.00725472
45.14,-0.00672562
45.16,-0.00620537
45.18,-0.00569679
45.2,-0.00520233
45.22,-0.00472412
45.24,-0.00426395
45.26,-0.00382335
45.28,-0.00340357
45.3,-0.00300561
45.32,-0.00263027
45.34,-0.00227816
45.36,-0.00194974
45.38,-0.00164528
45.4,-0.00136497
45.42,-0.00110887
45.44,-0.000876971
45.46,-0.000669184
45.48,-0.000485379
45.5,-0.000325363
45.52,-0.000188922
45.54,-7.58332e-05
45.56,1.41389e-05
45.58,8.1232e-05
45.6,0.000125691
45.62,0.000147767
45.64,0.000147696
45.66,0.000125697
45.68,8.19957e-05
45.7,1.68041e-05
45.72,-6.96427e-05
45.74,-0.000177103
45.76,-0.000305335
45.78,-0.000454083
45.8,-0.000623058
45.82,-0.000811937
45.84,-0.00102033
45.86,-0.00124779
45.88,-0.00149383
45.9,-0.00175786
45.92,-0.00203921
45.94,-0.00233713
45.96,-0.00265069
45.98,-0.00297888
46,-0.00332054
46.02,-0.00367439
46.04,-0.00403893
46.06,-0.00441254
46.08,-0.00479338
46.1,-0.00517942
46.12,-0.00556847
46.14,-0.00595811
46.16,-0.00634573
46.18,-0.00672849
46.2,-0.00710333
46.22,-0.00746698
46.24,-0.007816
46.26,-0.0081467
46.28,-0.00845524
46.3,-0.00873758
46.32,-0.00898948
46.34,-0.00920657
46.36,-0.00938435
46.38,-0.0095182
46.4,-0.00960344
46.42,-0.00963526
46.44,-0.00960886
46.46,-0.00951942
46.48,-0.00936217
46.5,-0.00913243
46.52,-0.0088256
46.54,-0.00843719
46.56,-0.00796292
46.58,-0.00739873
46.6,-0.00674083
46.62,-0.00598577
46.64,-0.0051304
46.66,-0.00417192
46.68,-0.00310797
46.7,-0.00193666
46.72,-0.00065656
46.74,0.000733198
46.76,0.00223303
46.78,0.00384277
46.8,0.0055617
46.82,0.00738849
46.84,0.00932119
46.86,0.0113573
46.88,0.0134937
46.9,0.0157268
46.92,0.0180523
46.94,0.0204654
46.96,0.0229608
46.98,0.0255325
47,0.0281744
47.02,0.0308796
47.04,0.033641
47.06,0.036451
47.08,0.0393018
47.1,0.0421853
47.12,0.0450931
47.14,0.0480168
47.16,0.0509476
47.18,0.053877
47.2,0.0567962
47.22,0.0596965
47.24,0.0625693
47.26,0.0654063
47.28,0.0681992
47.3,0.0709398
47.32,0.0736208
47.34,0.0762349
47.36,0.0787748
47.38,0.0812333
47.4,0.0836042
47.42,0.0858815
47.44,0.0880598
47.46,0.0901337
47.48,0.0920989
47.5,0.0939513
47.52,0.0956877
47.54,0.0972887
47.56,0.0987626
47.58,0.100111
47.6,0.101334
47.62,0.10243
47.64,0.103398
47.66,0.104239
47.68,0.104953
47.7,0.105539
47.72,0.105996
47.74,0.106325
47.76,0.106531
47.78,0.106623
47.8,0.10659
47.82,0.10643
47.84,0.106145
47.86,0.105734
47.88,0.105199
47.9,0.104537
47.92,0.103749
47.94,0.102837
47.96,0.101801
47.98,0.100643
48,0.0993619
48.02,0.0979582
48.04,0.0964327
48.06,0.0947861
48.08,0.0930186
48.1,0.0911311
48.12,0.0891246
48.14,0.0870007
48.16,0.0847614
48.18,0.0824089
48.2,0.0799462
48.22,0.0773769
48.24,0.0747053
48.26,0.0719365
48.28,0.069076
48.3,0.0661305
48.32,0.0631072
48.34,0.0600142
48.36,0.0568604
48.38,0.0536554
48.4,0.0504094
48.42,0.0471332
48.44,0.0438383
48.46,0.0405366
48.48,0.0372403
48.5,0.0339617
48.52,0.0307134
48.54,0.0275079
48.56,0.0243576
48.58,0.0212746
48.6,0.0182705
48.62,0.0153564
48.64,0.0125428
48.66,0.00983951
48.68,0.00725525
48.7,0.00479795
48.72,0.00247448
48.74,0.000290634
48.76,-0.00174891
48.78,-0.0036406
48.8,-0.00538206
48.82,-0.00697203
48.84,-0.00841037
48.86,-0.00969803
48.88,-0.010837
48.9,-0.0118301
48.92,-0.0126813
48.94,-0.0133951
48.96,-0.013977
48.98,-0.0144328
49,-0.0147692
49.02,-0.0149931
49.04,-0.0151119
49.06,-0.015133
49.08,-0.0150642
49.1,-0.0149135
49.12,-0.0146885
49.14,-0.0143971
49.16,-0.0140468
49.18,-0.0136451
49.2,-0.0131992
49.22,-0.0127158
49.24,-0.0122016
49.26,-0.0116628
49.28,-0.0111051
49.3,-0.0105339
49.32,-0.00995427
49.34,-0.00937074
49.36,-0.0087875
49.38,-0.00820832
49.4,-0.00763654
49.42,-0.00707519
49.44,-0.00652688
49.46,-0.00599392
49.48,-0.00547828
49.5,-0.00498159
49.52,-0.00450525
49.54,-0.0040504
49.56,-0.00361795
49.58,-0.0032086
49.6,-0.00282288
49.62,-0.00246112
49.64,-0.00212356
49.66,-0.00181031
49.68,-0.00152139
49.7,-0.00125675
49.72,-0.00101625
49.74,-0.000799712
49.76,-0.000606927
49.78,-0.000437685
49.8,-0.000291755
49.82,-0.000168906
49.84,-6.88941e-05
49.86,8.50141e-06
49.88,6.34776e-05
49.9,9.6216e-05
49.92,0.000106881
49.94,9.56296e-05
49.96,6.26106e-05
49.98,7.94914e-06
50,-6.82452e-05
50.02,-0.00016586
50.04,-0.000284785
50.06,-0.000424875
50.08,-0.000585962
50.1,-0.000767854
50.12,-0.000970324
50.14,-0.00119308
50.16,-0.00143577
50.18,-0.00169795
50.2,-0.00197905
50.22,-0.00227844
50.24,-0.00259532
50.26,-0.00292879
50.28,-0.00327777
50.3,-0.00364101
50.32,-0.00401705
50.34,-0.00440426
50.36,-0.00480078
50.38,-0.00520454
50.4,-0.00561324
50.42,-0.00602427
50.44,-0.0064348
50.46,-0.00684174
50.48,-0.0072417
50.5,-0.00763108
50.52,-0.00800594
50.54,-0.00836206
50.56,-0.00869499
50.58,-0.00899999
50.6,-0.00927211
50.62,-0.00950617
50.64,-0.00969675
50.66,-0.00983822
50.68,-0.00992481
50.7,-0.00995063
50.72,-0.00990972
50.74,-0.00979603
50.76,-0.00960346
50.78,-0.00932596
50.8,-0.00895754
50.82,-0.00849236
50.84,-0.00792476
50.86,-0.00724927
50.88,-0.00646068
50.9,-0.00555412
50.92,-0.00452512
50.94,-0.00336968
50.96,-0.00208425
50.98,-0.000665817
51,0.000888087
51.02,0.00257928
51.04,0.00440889
51.06,0.00637736
51.08,0.0084844
51.1,0.010729
51.12,0.0131095
51.14,0.0156233
51.16,0.018267
51.18,0.0210366
51.2,0.0239272
51.22,0.0269332
51.24,0.0300484
51.26,0.0332656
51.28,0.0365773
51.3,0.0399751
51.32,0.0434501
51.34,0.0469931
51.36,0.050594
51.38,0.0542428
51.4,0.0579287
51.42,0.0616409
51.44,0.0653682
51.46,0.0690995
51.48,0.0728234
51.5,0.0765285
51.52,0.0802036
51.54,0.0838376
51.56,0.0874195
51.58,0.0909385
51.6,0.0943843
51.62,0.0977467
51.64,0.101016
51.66,0.104184
51.68,0.107242
51.7,0.110182
51.72,0.112995
51.74,0.115674
51.76,0.118214
51.78,0.120608
51.8,0.122851
51.82,0.124939
51.84,0.126868
51.86,0.12863
51.88,0.130209
51.9,0.131617
51.92,0.132857
51.94,0.133931
51.96,0.134837
51.98,0.13558
52,0.136157
52.02,0.136574
52.04,0.136829
52.06,0.136924
52.08,0.136861
52.1,0.136661
52.12,0.136318
52.14,0.135827
52.16,0.135189
52.18,0.134406
52.2,0.133481
52.22,0.132416
52.24,0.131211
52.26,0.12987
52.28,0.128396
52.3,0.126794
52.32,0.125063
52.34,0.123207
52.36,0.121228
52.38,0.119128
52.4,0.116908
52.42,0.11457
52.44,0.112116
52.46,0.109548
52.48,0.106869
52.5,0.104081
52.52,0.101186
52.54,0.0981882
52.56,0.0950914
52.58,0.0918998
52.6,0.0886184
52.62,0.0852528
52.64,0.0818092
52.66,0.0782948
52.68,0.0747172
52.7,0.0710849
52.72,0.0674071
52.74,0.0636936
52.76,0.0599549
52.78,0.0562019
52.8,0.0524463
52.82,0.0486999
52.84,0.044975
52.86,0.0412839
52.88,0.0376391
52.9,0.034053
52.92,0.0305379
52.94,0.0271056
52.96,0.0237676
52.98,0.0205347
53,0.0174172
53.02,0.0144245
53.04,0.0115651
53.06,0.00884656
53.08,0.00627543
53.1,0.00385713
53.12,0.00159595
53.14,-0.000504934
53.16,-0.00244354
53.18,-0.00421903
53.2,-0.00583169
53.22,-0.00728287
53.24,-0.00857496
53.26,-0.0097113
53.28,-0.0106961
53.3,-0.0115345
53.32,-0.0122323
53.34,-0.0127958
53.36,-0.013232
53.38,-0.0135483
53.4,-0.0137524
53.42,-0.0138524
53.44,-0.0138562
53.46,-0.0137723
53.48,-0.0136087
53.5,-0.0133736
53.52,-0.0130749
53.54,-0.0127206
53.56,-0.0123181
53.58,-0.0118745
53.6,-0.0113968
53.62,-0.0108914
53.64,-0.0103645
53.66,-0.00982173
53.68,-0.00926839
53.7,-0.00870931
53.72,-0.00814889
53.74,-0.00759115
53.76,-0.00703968
53.78,-0.0064977
53.8,-0.00596803
53.82,-0.0054531
53.84,-0.00495507
53.86,-0.00447575
53.88,-0.0040167
53.9,-0.00357918
53.92,-0.00316421
53.94,-0.00277258
53.96,-0.00240491
53.98,-0.00206167
54,-0.00174319
54.02,-0.00144964
54.04,-0.0011811
54.06,-0.000937556
54.08,-0.000718944
54.1,-0.000525157
54.12,-0.000356054
54.14,-0.000211444
54.16,-9.11186e-05
54.18,5.1204e-06
54.2,7.74612e-05
54.22,0.000126081
54.24,0.000151135
54.26,0.000152798
54.28,0.000131217
54.3,8.65093e-05
54.32,1.87766e-05
54.34,-7.18911e-05
54.36,-0.00018542
54.38,-0.000321709
54.4,-0.000480664
54.42,-0.000662189
54.44,-0.000866165
54.46,-0.00109245
54.48,-0.00134087
54.5,-0.00161116
54.52,-0.00190299
54.54,-0.00221598
54.56,-0.00254966
54.58,-0.00290347
54.6,-0.00327671
54.62,-0.00366855
54.64,-0.004078
54.66,-0.00450394
54.68,-0.00494507
54.7,-0.00539994
54.72,-0.00586685
54.74,-0.00634393
54.76,-0.00682906
54.78,-0.00731993
54.8,-0.00781402
54.82,-0.00830856
54.84,-0.00880053
54.86,-0.00928664
54.88,-0.00976341
54.9,-0.0102271
54.92,-0.0106738
54.94,-0.0110994
54.96,-0.0114994
54.98,-0.0118693
55,-0.0122044
55.02,-0.0124998
55.04,-0.0127505
55.06,-0.0129514
55.08,-0.0130973
55.1,-0.0131831
55.12,-0.0132035
55.14,-0.0131534
55.16,-0.0130277
55.18,-0.0128215
55.2,-0.0125299
55.22,-0.0121484
55.24,-0.0116726
55.26,-0.0110986
55.28,-0.0104225
55.3,-0.00964122
55.32,-0.00875166
55.34,-0.00775143
55.36,-0.00663859
55.38,-0.00541175
55.4,-0.00407004
55.42,-0.00261313
55.44,-0.00104134
55.46,0.000644388
55.48,0.00244249
55.5,0.00435077
55.52,0.00636639
55.54,0.00848596
55.56,0.0107054
55.58,0.01302
55.6,0.0154246
55.62,0.0179132
55.64,0.0204797
55.66,0.0231172
55.68,0.0258185
55.7,0.0285759
55.72,0.0313813
55.74,0.0342264
55.76,0.0371027
55.78,0.0400012
55.8,0.0429132
55.82,0.0458295
55.84,0.0487412
55.86,0.051639
55.88,0.0545142
55.9,0.0573578
55.92,0.0601611
55.94,0.0629158
55.96,0.0656137
55.98,0.0682477
56,0.07081
56.02,0.0732931
56.04,0.0756903
56.06,0.0779954
56.08,0.0802028
56.1,0.0823069
56.12,0.084303
56.14,0.0861872
56.16,0.0879559
56.18,0.0895964
56.2,0.0911034
56.22,0.0924842
56.24,0.0937398
56.26,0.0948698
56.28,0.0958737
56.3,0.0967533
56.32,0.0975081
56.34,0.098139
56.36,0.0986455
56.38,0.0990278
56.4,0.0992868
56.42,0.0994431
56.44,0.099484
56.46,0.0994063
56.48,0.0992108
56.5,0.0988986
56.52,0.0984712
56.54,0.0979288
56.56,0.0972702
56.58,0.0964982
56.6,0.0956145
56.62,0.0946199
56.64,0.0935151
56.66,0.0923002
56.68,0.0909758
56.7,0.0895426
56.72,0.0880007
56.74,0.0863503
56.76,0.0845916
56.78,0.0827255
56.8,0.080753
56.82,0.0786753
56.84,0.0764938
56.86,0.0742108
56.88,0.0718291
56.9,0.0693519
56.92,0.0667832
56.94,0.0641278
56.96,0.0613911
56.98,0.0585792
57,0.0556993
57.02,0.0527591
57.04,0.0497672
57.06,0.0467326
57.08,0.0436655
57.1,0.0405762
57.12,0.0374757
57.14,0.0343755
57.16,0.0312874
57.18,0.028223
57.2,0.0251946
57.22,0.022214
57.24,0.0192928
57.26,0.0164426
57.28,0.0136742
57.3,0.010998
57.32,0.00842376
57.34,0.00596035
57.36,0.00361582
57.38,0.00139721
57.4,-0.000689413
57.42,-0.00263907
57.44,-0.00444787
57.46,-0.00611303
57.48,-0.0076329
57.5,-0.00900694
57.52,-0.0102357
57.54,-0.0113206
57.56,-0.0122642
57.58,-0.0130698
57.6,-0.0137418
57.62,-0.0142851
57.64,-0.0147053
57.66,-0.0150086
57.68,-0.0152016
57.7,-0.0152913
57.72,-0.0152851
57.74,-0.0151906
57.76,-0.0150152
57.78,-0.0147667
57.8,-0.0144527
57.82,-0.0140806
57.84,-0.0136578
57.86,-0.0131914
57.88,-0.0126882
57.9,-0.0121547
57.92,-0.0115971
57.94,-0.0110212
57.96,-0.0104323
57.98,-0.0098356
58,-0.00923562
58.02,-0.00863657
58.04,-0.00804227
58.06,-0.00745615
58.08,-0.00688129
58.1,-0.00632037
58.12,-0.00577572
58.14,-0.00524936
58.16,-0.00474304
58.18,-0.0042582
58.2,-0.00379605
58.22,-0.00335756
58.24,-0.00294349
58.26,-0.00255441
58.28,-0.00219076
58.3,-0.00185284
58.32,-0.00154084
58.34,-0.00125483
58.36,-0.000994813
58.38,-0.000760729
58.4,-0.000552491
58.42,-0.000369983
58.44,-0.000213073
58.46,-8.16e-05
58.48,2.45967e-05
58.5,0.000105662
58.52,0.000161732
58.54,0.000192911
58.56,0.000199295
58.58,0.000180987
58.6,0.000138071
58.62,7.06147e-05
58.64,-2.13165e-05
58.66,-0.000137683
58.68,-0.000278403
58.7,-0.00044336
58.72,-0.000632414
58.74,-0.000845379
58.76,-0.00108203
58.78,-0.00134208
58.8,-0.00162512
58.82,-0.00193063
58.84,-0.00225796
58.86,-0.00260635
58.88,-0.00297489
58.9,-0.0033625
58.92,-0.00376787
58.94,-0.00418947
58.96,-0.00462556
58.98,-0.00507415
59,-0.00553304
59.02,-0.00599973
59.04,-0.00647138
59.06,-0.00694486
59.08,-0.00741676
59.1,-0.00788337
59.12,-0.00834067
59.14,-0.00878429
59.16,-0.00920951
59.18,-0.00961135
59.2,-0.00998451
59.22,-0.0103235
59.24,-0.0106224
59.26,-0.0108752
59.28,-0.0110755
59.3,-0.0112169
59.32,-0.0112928
59.34,-0.0112964
59.36,-0.0112211
59.38,-0.0110598
59.4,-0.0108059
59.42,-0.0104526
59.44,-0.00999344
59.46,-0.00942211
59.48,-0.00873252
59.5,-0.00791889
59.52,-0.00697587
59.54,-0.00589856
59.56,-0.00468258
59.58,-0.00332408
59.6,-0.00181986
59.62,-0.000167318
59.64,0.00163538
59.66,0.0035893
59.68,0.00569474
59.7,0.00795118
59.72,0.0103573
59.74,0.0129109
59.76,0.0156088
59.78,0.0184473
59.8,0.0214214
59.82,0.0245256
59.84,0.0277534
59.86,0.0310976
59.88,0.0345503
59.9,0.0381027
59.92,0.0417456
59.94,0.0454689
59.96,0.0492621
59.98,0.0531144
60,0.0570142
60.02,0.06095
60.04,0.0649096
60.06,0.0688809
60.08,0.0728515
60.1,0.076809
60.12,0.080741
60.14,0.0846355
60.16,0.0884802
60.18,0.0922633
60.2,0.0959733
60.22,0.0995991
60.24,0.10313
60.26,0.106555
60.28,0.109866
60.3,0.113054
60.32,0.11611
60.34,0.119025
60.36,0.121792
60.38,0.124405
60.4,0.126857
60.42,0.129144
60.44,0.131262
60.46,0.133206
60.48,0.13497
60.5,0.136532
60.52,0.137909
60.54,0.139106
60.56,0.140124
60.58,0.140963
60.6,0.141628
60.62,0.142117
60.64,0.142436
60.66,0.142586
60.68,0.142569
60.7,0.142388
60.72,0.142066
60.74,0.141599
60.76,0.140982
60.78,0.140215
60.8,0.139303
60.82,0.138248
60.84,0.137055
60.86,0.135724
60.88,0.134259
60.9,0.132666
60.92,0.130949
60.94,0.12911
60.96,0.127151
60.98,0.125077
61,0.122888
61.02,0.120589
61.04,0.118179
61.06,0.115662
61.08,0.11304
61.1,0.110313
61.12,0.107486
61.14,0.10456
61.16,0.101538
61.18,0.0984229
61.2,0.0952188
61.22,0.0919298
61.24,0.0885603
61.26,0.0851159
61.28,0.0816025
61.3,0.0780267
61.32,0.0743961
61.34,0.0707186
61.36,0.067003
61.38,0.0632588
61.4,0.0594962
61.42,0.0557257
61.44,0.0519584
61.46,0.0482059
61.48,0.0444801
61.5,0.0407928
61.52,0.0371563
61.54,0.0335825
61.56,0.0300833
61.58,0.0266702
61.6,0.0233544
61.62,0.0201463
61.64,0.0170558
61.66,0.0140921
61.68,0.0112633
61.7,0.00857674
61.72,0.0060386
61.74,0.00365408
61.76,0.0014272
61.78,-0.000639122
61.8,-0.00254316
61.82,-0.00428428
61.84,-0.00586294
61.86,-0.00728068
61.88,-0.00854005
61.9,-0.00964457
61.92,-0.0105986
61.94,-0.0114074
61.96,-0.0120768
61.98,-0.0126133
62,-0.0130238
62.02,-0.013316
62.04,-0.0134975
62.06,-0.0135764
62.08,-0.0135609
62.1,-0.013459
62.12,-0.0132792
62.14,-0.0130295
62.16,-0.012718
62.18,-0.0123522
62.2,-0.0119398
62.22,-0.0114879
62.24,-0.0110035
62.26,-0.0104928
62.28,-0.00996208
62.3,-0.00941691
62.32,-0.00886252
62.34,-0.00830372
62.36,-0.00774492
62.38,-0.00719009
62.4,-0.0066428
62.42,-0.0061062
62.44,-0.0055831
62.46,-0.00507597
62.48,-0.00458692
62.5,-0.00411778
62.52,-0.00367006
62.54,-0.00324503
62.56,-0.00284372
62.58,-0.00246698
62.6,-0.00211545
62.62,-0.00178963
62.64,-0.00148986
62.66,-0.00121635
62.68,-0.000969257
62.7,-0.000748629
62.72,-0.00055448
62.74,-0.00038676
62.76,-0.000245379
62.78,-0.000130231
62.8,-4.11984e-05
62.82,2.18165e-05
62.84,5.89117e-05
62.86,7.01923e-05
62.88,5.57582e-05
62.9,1.57007e-05
62.92,-4.99016e-05
62.94,-0.000141014
62.96,-0.000257579
62.98,-0.000399527
63,-0.000566781
63.02,-0.000759239
63.04,-0.000976788
63.06,-0.00121931
63.08,-0.00148657
63.1,-0.00177831
63.12,-0.00209414
63.14,-0.00243363
63.16,-0.00279625
63.18,-0.00318135
63.2,-0.00358811
63.22,-0.00401555
63.24,-0.00446253
63.26,-0.00492772
63.28,-0.00540965
63.3,-0.0059066
63.32,-0.00641658
63.34,-0.0069374
63.36,-0.00746661
63.38,-0.00800152
63.4,-0.00853922
63.42,-0.00907646
63.44,-0.00960973
63.46,-0.0101353
63.48,-0.010649
63.5,-0.0111468
63.52,-0.011624
63.54,-0.0120759
63.56,-0.0124975
63.58,-0.0128836
63.6,-0.0132289
63.62,-0.0135279
63.64,-0.0137749
63.66,-0.0139643
63.68,-0.0140903
63.7,-0.0141472
63.72,-0.0141293
63.74,-0.0140309
63.76,-0.0138466
63.78,-0.0135711
63.8,-0.0131991
63.82,-0.012726
63.84,-0.0121473
63.86,-0.0114588
63.88,-0.0106569
63.9,-0.00973818
63.92,-0.00870007
63.94,-0.00754037
63.96,-0.00625748
63.98,-0.00485045
64,-0.00331889
64.02,-0.00166314
64.04,0.000115781
64.06,0.00201616
64.08,0.00403559
64.1,0.00617097
64.12,0.00841852
64.14,0.0107738
64.16,0.0132316
64.18,0.0157863
64.2,0.0184314
64.22,0.0211599
64.24,0.0239645
64.26,0.0268372
64.28,0.0297696
64.3,0.0327529
64.32,0.0357779
64.34,0.0388353
64.36,0.0419156
64.38,0.0450088
64.4,0.0481052
64.42,0.051195
64.44,0.0542684
64.46,0.0573154
64.48,0.0603267
64.5,0.0632928
64.52,0.0662045
64.54,0.0690532
64.56,0.071831
64.58,0.0745298
64.6,0.0771416
64.62,0.0796591
64.64,0.0820757
64.66,0.0843856
64.68,0.0865826
64.7,0.0886618
64.72,0.0906192
64.74,0.0924512
64.76,0.0941492
64.78,0.0956978
64.8,0.097109
64.82,0.0983849
64.84,0.0995257
64.86,0.100531
64.88,0.101404
64.9,0.102143
64.92,0.10275
64.94,0.103226
64.96,0.103571
64.98,0.103786
65,0.103891
65.02,0.103879
65.04,0.103746
65.06,0.103491
65.08,0.103116
65.1,0.102623
65.12,0.102014
65.14,0.101287
65.16,0.100445
65.18,0.0994915
65.2,0.0984277
65.22,0.0972547
65.24,0.095973
65.26,0.0945837
65.28,0.0930878
65.3,0.0914858
65.32,0.0897779
65.34,0.0879647
65.36,0.0860469
65.38,0.0840255
65.4,0.0819016
65.42,0.0796767
65.44,0.0773526
65.46,0.0749318
65.48,0.0724174
65.5,0.0698129
65.52,0.0671226
65.54,0.0643514
65.56,0.0615053
65.58,0.0585907
65.6,0.0556149
65.62,0.0525861
65.64,0.0495129
65.66,0.0464049
65.68,0.0432722
65.7,0.0401256
65.72,0.0369761
65.74,0.0338352
65.76,0.0307147
65.78,0.0276266
65.8,0.0245827
65.82,0.0215948
65.84,0.0186744
65.86,0.0158326
65.88,0.0130801
65.9,0.0104269
65.92,0.00788232
65.94,0.00545466
65.96,0.00315146
65.98,0.000979208
66,-0.00105662
66.02,-0.00295165
66.04,-0.00470264
66.06,-0.00630749
66.08,-0.00776518
66.1,-0.00907577
66.12,-0.0102404
66.14,-0.0112611
66.16,-0.0121411
66.18,-0.0128842
66.2,-0.0134952
66.22,-0.0139794
66.24,-0.0143429
66.26,-0.0145923
66.28,-0.0147344
66.3,-0.0147766
66.32,-0.0147264
66.34,-0.0145914
66.36,-0.0143795
66.38,-0.0140983
66.4,-0.0137554
66.42,-0.0133584
66.44,-0.0129146
66.46,-0.0124309
66.48,-0.0119141
66.5,-0.0113706
66.52,-0.0108065
66.54,-0.0102273
66.56,-0.00963838
66.58,-0.00904454
66.6,-0.00845022
66.62,-0.00785946
66.64,-0.00727593
66.66,-0.00670288
66.68,-0.00614319
66.7,-0.00559939
66.72,-0.00507368
66.74,-0.00456794
66.76,-0.00408379
66.78,-0.00362258
66.8,-0.0031854
66.82,-0.00277313
66.84,-0.00238646
66.86,-0.00202593
66.88,-0.00169196
66.9,-0.0013848
66.92,-0.00110461
66.94,-0.000851478
66.96,-0.000625416
66.98,-0.000426418
67,-0.00025445
67.02,-0.000109427
67.04,8.75145e-06
67.06,0.000100185
67.08,0.000164965
67.1,0.000203141
67.12,0.000214769
67.14,0.000199917
67.16,0.000158642
67.18,9.09937e-05
67.2,-2.99717e-06
67.22,-0.000123323
67.24,-0.000269923
67.26,-0.000442699
67.28,-0.000641516
67.3,-0.000866198
67.32,-0.00111653
67.34,-0.00139223
67.36,-0.00169285
67.38,-0.00201785
67.4,-0.00236655
67.42,-0.00273812
67.44,-0.00313161
67.46,-0.00354583
67.48,-0.00397934
67.5,-0.00443048
67.52,-0.00489735
67.54,-0.00537779
67.56,-0.00586937
67.58,-0.00636932
67.6,-0.00687452
67.62,-0.00738155
67.64,-0.00788664
67.66,-0.00838572
67.68,-0.00887435
67.7,-0.0093477
67.72,-0.00980062
67.74,-0.0102276
67.76,-0.0106229
67.78,-0.0109803
67.8,-0.0112936
67.82,-0.011556
67.84,-0.0117607
67.86,-0.0119005
67.88,-0.0119684
67.9,-0.011957
67.92,-0.011859
67.94,-0.0116669
67.96,-0.0113736
67.98,-0.0109718
68,-0.0104545
68.02,-0.0098152
68.04,-0.00904733
68.06,-0.00814489
68.08,-0.00710232
68.1,-0.0059146
68.12,-0.00457726
68.14,-0.00308651
68.16,-0.0014392
68.18,0.000367053
68.2,0.00233381
68.22,0.00446181
68.24,0.0067509
68.26,0.00920007
68.28,0.0118074
68.3,0.01457
68.32,0.017484
68.34,0.0205448
68.36,0.0237467
68.38,0.0270831
68.4,0.0305468
68.42,0.0341294
68.44,0.037822
68.46,0.0416149
68.48,0.0454976
68.5,0.0494591
68.52,0.053488
68.54,0.0575722
68.56,0.0616993
68.58,0.0658566
68.6,0.0700311
68.62,0.0742096
68.64,0.078379
68.66,0.0825259
68.68,0.0866374
68.7,0.0907005
68.72,0.0947024
68.74,0.0986306
68.76,0.102473
68.78,0.106219
68.8,0.109855
68.82,0.113373
68.84,0.116764
68.86,0.120016
68.88,0.123122
68.9,0.126073
68.92,0.128861
68.94,0.131482
68.96,0.133928
68.98,0.136195
69,0.138278
69.02,0.140176
69.04,0.141869
69.06,0.143354
69.08,0.144645
69.1,0.145744
69.12,0.146654
69.14,0.147376
69.16,0.147914
69.18,0.148269
69.2,0.148446
69.22,0.148446
69.24,0.148272
69.26,0.147931
69.28,0.147452
69.3,0.146818
69.32,0.146028
69.34,0.145086
69.36,0.143995
69.38,0.142761
69.4,0.141385
69.42,0.139871
69.44,0.138224
69.46,0.13645
69.48,0.134553
69.5,0.132535
69.52,0.130401
69.54,0.128153
69.56,0.125795
69.58,0.123328
69.6,0.120756
69.62,0.118079
69.64,0.115301
69.66,0.112424
69.68,0.109451
69.7,0.106383
69.72,0.103225
69.74,0.0999784
69.76,0.0966482
69.78,0.0932382
69.8,0.0897533
69.82,0.086199
69.84,0.0825812
69.86,0.0789067
69.88,0.075183
69.9,0.0714182
69.92,0.067621
69.94,0.063801
69.96,0.0599682
69.98,0.0561332
70,0.0523071
70.02,0.0485014
70.04,0.0447279
70.06,0.0409983
70.08,0.0373248
70.1,0.0337192
70.12,0.0301931
70.14,0.026758
70.16,0.0234246
70.18,0.0202034
70.2,0.017104
70.22,0.0141352
70.24,0.011305
70.26,0.00862023
70.28,0.00608695
70.3,0.00370998
70.32,0.00149307
70.34,-0.000561228
70.36,-0.00245146
70.38,-0.00417729
70.4,-0.00573948
70.42,-0.00713987
70.44,-0.00838132
70.46,-0.00946759
70.48,-0.0104033
70.5,-0.0111939
70.52,-0.0118455
70.54,-0.0123647
70.56,-0.0127588
70.58,-0.0130353
70.6,-0.0132023
70.62,-0.0132678
70.64,-0.01324
70.66,-0.0131274
70.68,-0.0129381
70.7,-0.0126804
70.72,-0.0123623
70.74,-0.0119914
70.76,-0.0115753
70.78,-0.0111212
70.8,-0.0106359
70.82,-0.0101259
70.84,-0.00959706
70.86,-0.00905509
70.88,-0.00850514
70.9,-0.00795198
70.92,-0.00739994
70.94,-0.00685295
70.96,-0.0063145
70.98,-0.0057877
71,-0.00527532
71.02,-0.00477976
71.04,-0.00430311
71.06,-0.00384712
71.08,-0.00341329
71.1,-0.00300286
71.12,-0.00261684
71.14,-0.00225605
71.16,-0.00192115
71.18,-0.0016126
71.2,-0.00133075
71.22,-0.00107584
71.24,-0.000848013
71.26,-0.000647375
71.28,-0.000473945
71.3,-0.0003277
71.32,-0.000208586
71.34,-0.000116532
71.36,-5.14936e-05
71.38,-1.34104e-05
71.4,-2.21324e-06
71.42,-1.78358e-05
71.44,-6.02122e-05
71.46,-0.000129299
71.48,-0.000225095
71.5,-0.000347561
71.52,-0.00049665
71.54,-0.000672304
71.56,-0.000874439
71.58,-0.00110297
71.6,-0.00135777
71.62,-0.00163862
71.64,-0.00194525
71.66,-0.00227727
71.68,-0.00263423
71.7,-0.00301559
71.72,-0.00342066
71.74,-0.00384855
71.76,-0.00429824
71.78,-0.00476851
71.8,-0.00525798
71.82,-0.00576505
71.84,-0.00628786
71.86,-0.00682432
71.88,-0.00737205
71.9,-0.00792846
71.92,-0.00849067
71.94,-0.00905555
71.96,-0.00961962
71.98,-0.0101791
72,-0.01073
72.02,-0.0112681
72.04,-0.0117887
72.06,-0.012287
72.08,-0.012758
72.1,-0.0131963
72.12,-0.0135964
72.14,-0.0139527
72.16,-0.0142593
72.18,-0.0145103
72.2,-0.0146996
72.22,-0.0148212
72.24,-0.014869
72.26,-0.0148371
72.28,-0.0147196
72.3,-0.0145108
72.32,-0.014205
72.34,-0.013797
72.36,-0.0132819
72.38,-0.0126551
72.4,-0.0119125
72.42,-0.0110502
72.44,-0.010065
72.46,-0.00895437
72.48,-0.00771617
72.5,-0.00634899
72.52,-0.00485206
72.54,-0.00322528
72.56,-0.00146927
72.58,0.000414602
72.6,0.00242424
72.62,0.0045568
72.64,0.00680874
72.66,0.0091758
72.68,0.011653
72.7,0.0142346
72.72,0.0169143
72.74,0.0196851
72.76,0.0225396
72.78,0.0254696
72.8,0.0284667
72.82,0.0315217
72.84,0.0346253
72.86,0.0377679
72.88,0.0409395
72.9,0.0441298
72.92,0.0473288
72.94,0.0505259
72.96,0.053711
72.98,0.0568737
73,0.060004
73.02,0.0630918
73.04,0.0661275
73.06,0.0691017
73.08,0.0720055
73.1,0.0748311
73.12,0.0775698
73.14,0.0802135
73.16,0.082755
73.18,0.0851876
73.2,0.0875056
73.22,0.0897029
73.24,0.0917749
73.26,0.0937174
73.28,0.0955273
73.3,0.0971882
73.32,0.0986975
73.34,0.100064
73.36,0.101289
73.38,0.102374
73.4,0.103318
73.42,0.104124
73.44,0.104792
73.46,0.105325
73.48,0.105722
73.5,0.105984
73.52,0.106116
73.54,0.106139
73.56,0.106041
73.58,0.105817
73.6,0.10547
73.62,0.105002
73.64,0.104416
73.66,0.103712
73.68,0.10289
73.7,0.101954
73.72,0.100907
73.74,0.0997511
73.76,0.0984867
73.78,0.0971149
73.8,0.0956371
73.82,0.0940545
73.84,0.0923675
73.86,0.0905766
73.88,0.0886824
73.9,0.0866861
73.92,0.0845885
73.94,0.0823908
73.96,0.0800947
73.98,0.0777021
74,0.0752157
74.02,0.0726385
74.04,0.0699742
74.06,0.0672273
74.08,0.0644027
74.1,0.0615064
74.12,0.0585451
74.14,0.0555262
74.16,0.0524577
74.18,0.0493485
74.2,0.0462083
74.22,0.0430473
74.24,0.0398761
74.26,0.0367059
74.28,0.0335482
74.3,0.0304148
74.32,0.0273176
74.34,0.0242685
74.36,0.021279
74.38,0.0183607
74.4,0.0155245
74.42,0.0127809
74.44,0.0101398
74.46,0.00761016
74.48,0.00520022
74.5,0.00291722
74.52,0.000767421
74.54,-0.00124398
74.56,-0.0031129
74.58,-0.00483639
74.6,-0.00641261
74.62,-0.00784084
74.64,-0.00912142
74.66,-0.0102557
74.68,-0.0112462
74.7,-0.0120961
74.72,-0.0128097
74.74,-0.0133918
74.76,-0.0138481
74.78,-0.0141848
74.8,-0.0144085
74.82,-0.0145265
74.84,-0.014546
74.86,-0.0144748
74.88,-0.0143206
74.9,-0.0140911
74.92,-0.0137941
74.94,-0.0134373
74.96,-0.0130282
74.98,-0.0125741
75,-0.0120819
75.02,-0.0115584
75.04,-0.0110099
75.06,-0.0104423
75.08,-0.00986132
75.1,-0.00927208
75.12,-0.00867936
75.14,-0.00808751
75.16,-0.00750052
75.18,-0.00692195
75.2,-0.006355
75.22,-0.00580245
75.24,-0.00526676
75.26,-0.00475006
75.28,-0.0042542
75.3,-0.00378072
75.32,-0.00333093
75.34,-0.00290586
75.36,-0.00250635
75.38,-0.00213308
75.4,-0.00178657
75.42,-0.00146721
75.44,-0.00117525
75.46,-0.000910835
75.48,-0.000674057
75.5,-0.00046496
75.52,-0.00028357
75.54,-0.000129848
75.56,-3.72899e-06
75.58,9.48583e-05
75.6,0.000165976
75.62,0.000209651
75.64,0.000225907
75.66,0.000214789
75.68,0.000176335
75.7,0.000110577
75.72,1.75217e-05
75.74,-0.000102841
75.76,-0.00025048
75.78,-0.00042532
75.8,-0.000627242
75.82,-0.000856092
75.84,-0.00111167
75.86,-0.00139371
75.88,-0.0017018
75.9,-0.00203539
75.92,-0.00239381
75.94,-0.00277624
75.96,-0.00318171
75.98,-0.00360901
76,-0.0040567
76.02,-0.00452306
76.04,-0.00500616
76.06,-0.00550376
76.08,-0.00601337
76.1,-0.00653213
76.12,-0.00705681
76.14,-0.00758386
76.16,-0.00810938
76.18,-0.00862913
76.2,-0.00913848
76.22,-0.00963244
76.24,-0.0101056
76.26,-0.0105523
76.28,-0.0109664
76.3,-0.0113417
76.32,-0.0116713
76.34,-0.0119485
76.36,-0.0121659
76.38,-0.0123162
76.4,-0.012392
76.42,-0.0123855
76.44,-0.0122892
76.46,-0.0120953
76.48,-0.0117962
76.5,-0.0113845
76.52,-0.0108528
76.54,-0.0101943
76.56,-0.00940225
76.58,-0.00847038
76.6,-0.00739294
76.62,-0.00616472
76.64,-0.00478114
76.66,-0.00323826
76.68,-0.00153291
76.7,0.000337334
76.72,0.00237402
76.74,0.00457782
76.76,0.00694849
76.78,0.00948486
76.8,0.0121848
76.82,0.0150452
76.84,0.0180621
76.86,0.0212302
76.88,0.0245438
76.9,0.0279958
76.92,0.0315785
76.94,0.0352831
76.96,0.0391003
76.98,0.0430199
77,0.0470309
77.02,0.0511217
77.04,0.0552804
77.06,0.0594944
77.08,0.0637508
77.1,0.0680362
77.12,0.0723372
77.14,0.0766401
77.16,0.0809311
77.18,0.0851966
77.2,0.089423
77.22,0.0935969
77.24,0.0977051
77.26,0.101735
77.28,0.105673
77.3,0.109509
77.32,0.11323
77.34,0.116826
77.36,0.120288
77.38,0.123605
77.4,0.126768
77.42,0.12977
77.44,0.132602
77.46,0.135258
77.48,0.137732
77.5,0.14002
77.52,0.142117
77.54,0.144021
77.56,0.145711
77.58,0.147187
77.6,0.148461
77.62,0.149537
77.64,0.150416
77.66,0.151102
77.68,0.151597
77.7,0.151905
77.72,0.152028
77.74,0.15197
77.76,0.151733
77.78,0.151325
77.8,0.150777
77.82,0.15007
77.84,0.149204
77.86,0.148182
77.88,0.147011
77.9,0.145693
77.92,0.144233
77.94,0.142633
77.96,0.1409
77.98,0.13904
78,0.137056
78.02,0.134953
78.04,0.132734
78.06,0.130403
78.08,0.127962
78.1,0.125415
78.12,0.122763
78.14,0.12001
78.16,0.117157
78.18,0.114208
78.2,0.111164
78.22,0.108029
78.24,0.104806
78.26,0.101497
78.28,0.0981062
78.3,0.0946385
78.32,0.0910981
78.34,0.0874905
78.36,0.0838217
78.38,0.0800982
78.4,0.0763273
78.42,0.0725171
78.44,0.0686762
78.46,0.0648139
78.48,0.0609403
78.5,0.0570658
78.52,0.0532014
78.54,0.0493583
78.56,0.0455484
78.58,0.0417833
78.6,0.0380751
78.62,0.0344355
78.64,0.0308761
78.66,0.0274084
78.68,0.0240432
78.7,0.0207907
78.72,0.0176607
78.74,0.014662
78.76,0.0118026
78.78,0.00908939
78.8,0.00652847
78.82,0.0041247
78.84,0.00188186
78.86,-0.000197434
78.88,-0.00211169
78.9,-0.00386054
78.92,-0.0054447
78.94,-0.00686599
78.96,-0.00812722
78.98,-0.00923216
79,-0.0101854
79.02,-0.0109924
79.04,-0.0116592
79.06,-0.0121926
79.08,-0.0125997
79.1,-0.0128883
79.12,-0.0130662
79.14,-0.0131416
79.16,-0.0131229
79.18,-0.0130184
79.2,-0.0128363
79.22,-0.0125851
79.24,-0.0122727
79.26,-0.0119069
79.28,-0.0114953
79.3,-0.0110452
79.32,-0.0105634
79.34,-0.0100563
79.36,-0.00953024
79.38,-0.00899068
79.4,-0.00844291
79.42,-0.00789176
79.44,-0.00734159
79.46,-0.00679639
79.48,-0.00625969
79.5,-0.00573465
79.52,-0.00522407
79.54,-0.00473039
79.56,-0.00425573
79.58,-0.00380189
79.6,-0.0033704
79.62,-0.00296249
79.64,-0.00257924
79.66,-0.00222149
79.68,-0.00188989
79.7,-0.00158497
79.72,-0.00130706
79.74,-0.00105644
79.76,-0.0008333
79.78,-0.000637739
79.8,-0.000469802
79.82,-0.000329491
79.84,-0.000216769
79.86,-0.000131598
79.88,-7.39651e-05
79.9,-4.38206e-05
79.92,-4.11163e-05
79.94,-6.58046e-05
79.96,-0.000117841
79.98,-0.00019722
80,-0.000303946
80.02,-0.00043799
80.04,-0.00059932
80.06,-0.00078788
80.08,-0.0010036
80.1,-0.0012464
80.12,-0.00151613
80.14,-0.00181256
80.16,-0.00213537
80.18,-0.00248418
80.2,-0.00285849
80.22,-0.00325772
80.24,-0.00368108
80.26,-0.00412763
80.28,-0.00459625
80.3,-0.00508564
80.32,-0.0055943
80.34,-0.0061205
80.36,-0.00666225
80.38,-0.00721726
80.4,-0.00778304
80.42,-0.00835679
80.44,-0.00893546
80.46,-0.00951569
80.48,-0.0100938
80.5,-0.0106657
80.52,-0.0112273
80.54,-0.0117739
80.56,-0.0123009
80.58,-0.0128031
80.6,-0.013275
80.62,-0.0137113
80.64,-0.014106
80.66,-0.0144534
80.68,-0.0147474
80.7,-0.0149817
80.72,-0.0151501
80.74,-0.0152464
80.76,-0.0152645
80.78,-0.0151981
80.8,-0.0150412
80.82,-0.0147882
80.84,-0.0144332
80.86,-0.0139712
80.88,-0.0133971
80.9,-0.0127064
80.92,-0.011895
80.94,-0.0109594
80.96,-0.00989645
80.98,-0.00870374
81,-0.00737948
81.02,-0.00592253
81.04,-0.00433243
81.06,-0.00260945
81.08,-0.00075461
81.1,0.00123029
81.12,0.00334273
81.14,0.00557939
81.16,0.00793625
81.18,0.0104085
81.2,0.0129907
81.22,0.0156766
81.24,0.0184594
81.26,0.0213315
81.28,0.024285
81.3,0.0273113
81.32,0.0304014
81.34,0.0335457
81.36,0.0367344
81.38,0.0399575
81.4,0.0432046
81.42,0.0464651
81.44,0.0497285
81.46,0.0529842
81.48,0.0562216
81.5,0.0594301
81.52,0.0625995
81.54,0.0657198
81.56,0.068781
81.58,0.0717738
81.6,0.0746897
81.62,0.0775202
81.64,0.0802568
81.66,0.0828916
81.68,0.0854174
81.7,0.0878279
81.72,0.0901172
81.74,0.0922797
81.76,0.0943111
81.78,0.0962077
81.8,0.0979662
81.82,0.0995595
81.84,0.101004
81.86,0.102304
81.88,0.103459
81.9,0.10447
81.92,0.105339
81.94,0.106066
81.96,0.106653
81.98,0.107102
82,0.107413
82.02,0.107588
82.04,0.107643
82.06,0.107581
82.08,0.107393
82.1,0.10708
82.12,0.106643
82.14,0.106086
82.16,0.10541
82.18,0.104614
82.2,0.103702
82.22,0.102678
82.24,0.101544
82.26,0.100301
82.28,0.0989501
82.3,0.0974934
82.32,0.0959321
82.34,0.094267
82.36,0.0924986
82.38,0.0906277
82.4,0.088655
82.42,0.0865817
82.44,0.0844088
82.46,0.0821376
82.48,0.07977
82.5,0.0773081
82.52,0.0747549
82.54,0.0721135
82.56,0.069388
82.58,0.0665829
82.6,0.0637036
82.62,0.0607564
82.64,0.0577481
82.66,0.0546863
82.68,0.0515795
82.7,0.0484369
82.72,0.0452681
82.74,0.0420836
82.76,0.0388943
82.78,0.0357115
82.8,0.0325467
82.82,0.0294119
82.84,0.0263188
82.86,0.0232792
82.88,0.0203047
82.9,0.0174066
82.92,0.0145957
82.94,0.0118822
82.96,0.00927561
82.98,0.00678466
83,0.00441716
83.02,0.00217995
83.04,7.88592e-05
83.06,-0.00188138
83.08,-0.00369715
83.1,-0.00536598
83.12,-0.00688651
83.14,-0.00825846
83.16,-0.00948264
83.18,-0.0105609
83.2,-0.011496
83.22,-0.0122917
83.24,-0.0129526
83.26,-0.0134838
83.28,-0.0138914
83.3,-0.0141816
83.32,-0.0143616
83.34,-0.0144385
83.36,-0.0144198
83.38,-0.0143134
83.4,-0.0141271
83.42,-0.0138686
83.44,-0.0135457
83.46,-0.0131661
83.48,-0.0127372
83.5,-0.0122662
83.52,-0.01176
83.54,-0.0112252
83.56,-0.010668
83.58,-0.0100943
83.6,-0.00950951
83.62,-0.00891864
83.64,-0.00832632
83.66,-0.00773676
83.68,-0.00715379
83.7,-0.00658083
83.72,-0.0060209
83.74,-0.00547666
83.76,-0.00495044
83.78,-0.00444425
83.8,-0.00395982
83.82,-0.00349861
83.84,-0.00306179
83.86,-0.00265033
83.88,-0.002265
83.9,-0.00190643
83.92,-0.00157509
83.94,-0.0012713
83.96,-0.000995288
83.98,-0.000747178
84,-0.000527054
84.02,-0.000334978
84.04,-0.000170953
84.06,-3.49367e-05
84.08,7.31218e-05
84.1,0.000153274
84.12,0.000205543
84.14,0.000229928
84.16,0.000226456
84.18,0.000195155
84.2,0.000136048
84.22,4.91359e-05
84.24,-6.56041e-05
84.26,-0.000208173
84.28,-0.000378516
84.3,-0.000576539
84.32,-0.000802107
84.34,-0.00105505
84.36,-0.00133512
84.38,-0.00164195
84.4,-0.00197505
84.42,-0.00233376
84.44,-0.00271732
84.46,-0.00312476
84.48,-0.00355496
84.5,-0.00400649
84.52,-0.00447769
84.54,-0.00496665
84.56,-0.00547116
84.58,-0.00598876
84.6,-0.00651661
84.62,-0.00705152
84.64,-0.00758993
84.66,-0.00812794
84.68,-0.0086613
84.7,-0.00918538
84.72,-0.00969514
84.74,-0.0101852
84.76,-0.0106497
84.78,-0.0110825
84.8,-0.0114773
84.82,-0.0118273
84.84,-0.0121254
84.86,-0.0123642
84.88,-0.0125364
84.9,-0.0126341
84.92,-0.0126496
84.94,-0.0125752
84.96,-0.0124027
84.98,-0.0121246
85,-0.0117331
85.02,-0.0112206
85.04,-0.0105801
85.06,-0.00980454
85.08,-0.00888751
85.1,-0.00782299
85.12,-0.00660553
85.14,-0.00523032
85.16,-0.00369321
85.18,-0.0019908
85.2,-0.000120491
85.22,0.00191947
85.24,0.00412992
85.26,0.00651077
85.28,0.00906098
85.3,0.0117785
85.32,0.0146604
85.34,0.0177026
85.36,0.0209001
85.38,0.024247
85.4,0.0277362
85.42,0.03136
85.44,0.0351096
85.46,0.0389756
85.48,0.0429475
85.5,0.0470143
85.52,0.0511643
85.54,0.0553852
85.56,0.0596644
85.58,0.0639885
85.6,0.0683442
85.62,0.0727176
85.64,0.0770947
85.66,0.0814616
85.68,0.0858042
85.7,0.0901087
85.72,0.0943613
85.74,0.0985485
85.76,0.102657
85.78,0.106674
85.8,0.110588
85.82,0.114386
85.84,0.118058
85.86,0.121594
85.88,0.124983
85.9,0.128217
85.92,0.131286
85.94,0.134183
85.96,0.136902
85.98,0.139436
86,0.141779
86.02,0.143928
86.04,0.145881
86.06,0.147622
86.08,0.149139
86.1,0.150449
86.12,0.151556
86.14,0.152463
86.16,0.153171
86.18,0.153685
86.2,0.154007
86.22,0.154141
86.24,0.154089
86.26,0.153855
86.28,0.153444
86.3,0.152889
86.32,0.152175
86.34,0.151299
86.36,0.150266
86.38,0.14908
86.4,0.147746
86.42,0.146268
86.44,0.144648
86.46,0.142894
86.48,0.14101
86.5,0.139003
86.52,0.136875
86.54,0.134631
86.56,0.132274
86.58,0.129808
86.6,0.127236
86.62,0.124561
86.64,0.121784
86.66,0.118908
86.68,0.115937
86.7,0.112872
86.72,0.109716
86.74,0.106472
86.76,0.103144
86.78,0.0997348
86.8,0.0962488
86.82,0.0926904
86.84,0.0890649
86.86,0.0853779
86.88,0.081636
86.9,0.0778462
86.92,0.0740163
86.94,0.0701547
86.96,0.0662705
86.98,0.0623736
87,0.0584741
87.02,0.054583
87.04,0.0507113
87.06,0.0468707
87.08,0.0430729
87.1,0.0393298
87.12,0.0356532
87.14,0.0320548
87.16,0.0285459
87.18,0.0251375
87.2,0.0218401
87.22,0.0186635
87.24,0.0156168
87.26,0.012708
87.28,0.00994458
87.3,0.00733264
87.32,0.00487739
87.34,0.00258287
87.36,0.000451994
87.38,-0.00151348
87.4,-0.00331289
87.42,-0.00494672
87.44,-0.00641652
87.46,-0.00772487
87.48,-0.00887533
87.5,-0.00987231
87.52,-0.0107211
87.54,-0.0114275
87.56,-0.0119983
87.58,-0.0124406
87.6,-0.0127618
87.62,-0.01297
87.64,-0.0130733
87.66,-0.01308
87.68,-0.0129985
87.7,-0.0128371
87.72,-0.0126043
87.74,-0.012308
87.76,-0.0119562
87.78,-0.0115566
87.8,-0.0111165
87.82,-0.010643
87.84,-0.0101426
87.86,-0.00962162
87.88,-0.00908576
87.9,-0.00854041
87.92,-0.00799052
87.94,-0.0074406
87.96,-0.00689473
87.98,-0.00635658
88,-0.00582942
88.02,-0.00531615
88.04,-0.0048193
88.06,-0.00434109
88.08,-0.00388341
88.1,-0.00344784
88.12,-0.00303572
88.14,-0.00264817
88.16,-0.00228608
88.18,-0.00195017
88.2,-0.00164099
88.22,-0.00135895
88.24,-0.00110433
88.26,-0.000877352
88.28,-0.000678157
88.3,-0.000506808
88.32,-0.000363325
88.34,-0.000247688
88.36,-0.000159873
88.38,-9.98812e-05
88.4,-6.76774e-05
88.42,-6.32228e-05
88.44,-8.64806e-05
88.46,-0.000137416
88.48,-0.000216032
88.5,-0.000322346
88.52,-0.000456336
88.54,-0.00061798
88.56,-0.000807233
88.58,-0.00102403
88.6,-0.00126831
88.62,-0.00153993
88.64,-0.00183865
88.66,-0.0021642
88.68,-0.00251616
88.7,-0.00289407
88.72,-0.00329734
88.74,-0.00372519
88.76,-0.00417668
88.78,-0.00465068
88.8,-0.00514588
88.82,-0.00566079
88.84,-0.00619366
88.86,-0.00674247
88.88,-0.00730493
88.9,-0.0078785
88.92,-0.00846037
88.94,-0.00904744
88.96,-0.0096363
88.98,-0.0102232
89,-0.0108041
89.02,-0.0113747
89.04,-0.0119304
89.06,-0.0124663
89.08,-0.0129773
89.1,-0.0134579
89.12,-0.0139024
89.14,-0.014305
89.16,-0.0146597
89.18,-0.0149604
89.2,-0.0152007
89.22,-0.0153743
89.24,-0.0154749
89.26,-0.0154962
89.28,-0.0154319
89.3,-0.0152759
89.32,-0.0150224
89.34,-0.0146656
89.36,-0.0142001
89.38,-0.013621
89.4,-0.0129237
89.42,-0.012104
89.44,-0.0111582
89.46,-0.0100833
89.48,-0.00887675
89.5,-0.00753681
89.52,-0.0060623
89.54,-0.00445278
89.56,-0.00270854
89.58,-0.000830623
89.6,0.00117912
89.62,0.00331808
89.64,0.0055829
89.66,0.00796946
89.68,0.0104729
89.7,0.0130875
89.72,0.0158071
89.74,0.0186246
89.76,0.0215324
89.78,0.0245223
89.8,0.0275857
89.82,0.0307133
89.84,0.0338954
89.86,0.0371222
89.88,0.0403832
89.9,0.043668
89.92,0.0469659
89.94,0.0502661
89.96,0.0535579
89.98,0.0568306
90,0.0600734
90.02,0.0632759
90.04,0.0664279
90.06,0.0695194
90.08,0.0725409
90.1,0.0754838
90.12,0.0783396
90.14,0.0810996
90.16,0.0837558
90.18,0.086301
90.2,0.0887287
90.22,0.0910331
90.24,0.0932085
90.26,0.0952505
90.28,0.0971555
90.3,0.0989202
90.32,0.100517
90.34,0.101963
90.36,0.103262
90.38,0.104414
90.4,0.10542
90.42,0.106282
90.44,0.107
90.46,0.107577
90.48,0.108014
90.5,0.108311
90.52,0.108471
90.54,0.108509
90.56,0.10843
90.58,0.108225
90.6,0.107892
90.62,0.107436
90.64,0.106858
90.66,0.106162
90.68,0.105345
90.7,0.104412
90.72,0.103366
90.74,0.10221
90.76,0.100945
90.78,0.0995737
90.8,0.0980961
90.82,0.0965143
90.84,0.0948292
90.86,0.0930414
90.88,0.0911515
90.9,0.0891605
90.92,0.0870695
90.94,0.0848796
90.96,0.0825921
90.98,0.0802088
91,0.0777319
91.02,0.0751642
91.04,0.072509
91.06,0.0697701
91.08,0.0669522
91.1,0.0640607
91.12,0.0611016
91.14,0.0580818
91.16,0.0550089
91.18,0.0518912
91.2,0.0487379
91.22,0.0455588
91.24,0.0423641
91.26,0.0391647
91.28,0.0359719
91.3,0.0327972
91.32,0.0296526
91.34,0.0265497
91.36,0.0235005
91.38,0.0205164
91.4,0.0176088
91.42,0.0147885
91.44,0.0120657
91.46,0.00944991
91.48,0.00694995
91.5,0.00457362
91.52,0.00232779
91.54,0.000218329
91.56,-0.00175002
91.58,-0.0035736
91.6,-0.00524993
91.62,-0.00677762
91.64,-0.00815636
91.66,-0.00938696
91.68,-0.0104712
91.7,-0.011412
91.72,-0.0122129
91.74,-0.0128786
91.76,-0.0134143
91.78,-0.0138258
91.8,-0.0141197
91.82,-0.0143029
91.84,-0.0143826
91.86,-0.0143666
91.88,-0.0142624
91.9,-0.0140779
91.92,-0.013821
91.94,-0.0134995
91.96,-0.013121
91.98,-0.0126931
92,-0.0122228
92.02,-0.0117173
92.04,-0.0111829
92.06,-0.0106262
92.08,-0.0100528
92.1,-0.00946821
92.12,-0.00887755
92.14,-0.00828543
92.16,-0.00769608
92.18,-0.00711334
92.2,-0.00654064
92.22,-0.00598103
92.24,-0.00543718
92.26,-0.00491142
92.28,-0.00440578
92.3,-0.00392201
92.32,-0.00346157
92.34,-0.00302563
92.36,-0.00261518
92.38,-0.00223099
92.4,-0.00187371
92.42,-0.00154381
92.44,-0.00124161
92.46,-0.000967355
92.48,-0.000721172
92.5,-0.000503157
92.52,-0.000313382
92.54,-0.000151854
92.56,-1.85393e-05
92.58,8.66059e-05
92.6,0.000163621
92.62,0.000212513
92.64,0.000233277
92.66,0.000225934
92.68,0.000190502
92.7,0.000126996
92.72,3.54031e-05
92.74,-8.43068e-05
92.76,-0.000232134
92.78,-0.000408026
92.8,-0.00061189
92.82,-0.00084359
92.84,-0.00110295
92.86,-0.00138973
92.88,-0.00170354
92.9,-0.00204386
92.92,-0.00241002
92.94,-0.00280123
92.96,-0.0032165
92.98,-0.00365465
93,-0.00411422
93.02,-0.00459349
93.04,-0.00509048
93.06,-0.00560294
93.08,-0.00612831
93.1,-0.00666367
93.12,-0.00720574
93.14,-0.00775087
93.16,-0.00829505
93.18,-0.00883391
93.2,-0.0093627
93.22,-0.00987628
93.24,-0.0103691
93.26,-0.0108352
93.28,-0.0112683
93.3,-0.011662
93.32,-0.0120092
93.34,-0.0123028
93.36,-0.0125353
93.38,-0.0126991
93.4,-0.0127864
93.42,-0.0127893
93.44,-0.0126998
93.46,-0.0125099
93.48,-0.0122117
93.5,-0.0117975
93.52,-0.0112597
93.54,-0.0105911
93.56,-0.00978479
93.58,-0.00883424
93.6,-0.00773347
93.62,-0.00647709
93.64,-0.00506032
93.66,-0.00347912
93.68,-0.00173019
93.7,0.000188958
93.72,0.00227991
93.74,0.00454335
93.76,0.006979
93.78,0.00958559
93.8,0.0123609
93.82,0.0153017
93.84,0.0184037
93.86,0.0216616
93.88,0.0250692
93.9,0.0286193
93.92,0.0323037
93.94,0.0361135
93.96,0.0400388
93.98,0.044069
94,0.0481928
94.02,0.0523981
94.04,0.0566726
94.06,0.0610032
94.08,0.0653764
94.1,0.0697785
94.12,0.0741956
94.14,0.0786135
94.16,0.0830179
94.18,0.0873948
94.2,0.0917301
94.22,0.09601
94.24,0.100221
94.26,0.104349
94.28,0.108383
94.3,0.112309
94.32,0.116115
94.34,0.119792
94.36,0.123329
94.38,0.126715
94.4,0.129942
94.42,0.133001
94.44,0.135884
94.46,0.138586
94.48,0.141099
94.5,0.143418
94.52,0.14554
94.54,0.147463
94.56,0.149166
94.58,0.150647
94.6,0.151918
94.62,0.152985
94.64,0.15385
94.66,0.154515
94.68,0.154983
94.7,0.155258
94.72,0.155345
94.74,0.155244
94.76,0.15496
94.78,0.154501
94.8,0.153898
94.82,0.153134
94.84,0.152207
94.86,0.151123
94.88,0.149885
94.9,0.1485
94.92,0.146971
94.94,0.1453
94.96,0.143495
94.98,0.141562
95,0.139505
95.02,0.13733
95.04,0.135038
95.06,0.132635
95.08,0.130124
95.1,0.127508
95.12,0.124788
95.14,0.121969
95.16,0.119052
95.18,0.116041
95.2,0.112937
95.22,0.109743
95.24,0.106463
95.26,0.1031
95.28,0.0996572
95.3,0.096139
95.32,0.0925501
95.34,0.0888957
95.36,0.0851815
95.38,0.0814142
95.4,0.0776009
95.42,0.0737493
95.44,0.0698681
95.46,0.0659664
95.48,0.062054
95.5,0.0581413
95.52,0.0542391
95.54,0.0503586
95.56,0.0465114
95.58,0.0427094
95.6,0.0389642
95.62,0.0352877
95.64,0.0316915
95.66,0.028187
95.68,0.0247849
95.7,0.0214958
95.72,0.0183293
95.74,0.0152943
95.76,0.0123988
95.78,0.00965003
95.8,0.00705397
95.82,0.00461565
95.84,0.00233896
95.86,0.000226611
95.88,-0.00171978
95.9,-0.00349975
95.92,-0.00511393
95.94,-0.00656404
95.96,-0.00785282
95.98,-0.00898396
96,-0.00996204
96.02,-0.0107924
96.04,-0.0114811
96.06,-0.0120349
96.08,-0.012461
96.1,-0.012767
96.12,-0.0129609
96.14,-0.0130508
96.16,-0.0130453
96.18,-0.0129526
96.2,-0.0127811
96.22,-0.0125392
96.24,-0.0122349
96.26,-0.0118762
96.28,-0.0114707
96.3,-0.0110258
96.32,-0.0105483
96.34,-0.0100449
96.36,-0.00952171
96.38,-0.0089845
96.4,-0.00843855
96.42,-0.00788878
96.44,-0.00733963
96.46,-0.00679514
96.48,-0.00625893
96.5,-0.0057342
96.52,-0.00522382
96.54,-0.00473028
96.56,-0.00425574
96.58,-0.00380206
96.6,-0.00337079
96.62,-0.00296322
96.64,-0.00258046
96.66,-0.00222337
96.68,-0.00189265
96.7,-0.00158884
96.72,-0.00131231
96.74,-0.00106335
96.76,-0.00084218
96.78,-0.000648926
96.8,-0.00048365
96.82,-0.000346369
96.84,-0.000237068
96.86,-0.000155736
96.88,-0.000102376
96.9,-7.69558e-05
96.92,-7.94444e-05
96.94,-0.000109809
96.96,-0.000168026
96.98,-0.000254116
97,-0.000368089
97.02,-0.000509929
97.04,-0.000679614
97.06,-0.000877098
97.08,-0.00110232
97.1,-0.00135521
97.12,-0.00163561
97.14,-0.00194327
97.16,-0.00227788
97.18,-0.00263901
97.2,-0.00302618
97.22,-0.00343876
97.24,-0.0038759
97.26,-0.00433663
97.28,-0.00481976
97.3,-0.00532393
97.32,-0.00584758
97.34,-0.00638887
97.36,-0.00694568
97.38,-0.00751567
97.4,-0.00809617
97.42,-0.0086843
97.44,-0.00927685
97.46,-0.00987028
97.48,-0.0104607
97.5,-0.011044
97.52,-0.0116158
97.54,-0.0121713
97.56,-0.0127056
97.58,-0.0132132
97.6,-0.0136888
97.62,-0.0141264
97.64,-0.0145202
97.66,-0.0148641
97.68,-0.0151518
97.7,-0.0153769
97.72,-0.0155331
97.74,-0.0156139
97.76,-0.015613
97.78,-0.0155241
97.8,-0.0153412
97.82,-0.0150583
97.84,-0.0146697
97.86,-0.0141702
97.88,-0.0135547
97.9,-0.0128189
97.92,-0.0119586
97.94,-0.0109703
97.96,-0.00985099
97.98,-0.00859848
98,-0.00721111
98.02,-0.00568791
98.04,-0.00402864
98.06,-0.00223383
98.08,-0.00030477
98.1,0.00175645
98.12,0.00394698
98.14,0.00626318
98.16,0.00870067
98.18,0.0112543
98.2,0.0139182
98.22,0.0166857
98.24,0.0195497
98.26,0.0225023
98.28,0.025535
98.3,0.0286389
98.32,0.0318045
98.34,0.0350221
98.36,0.0382815
98.38,0.0415721
98.4,0.0448834
98.42,0.0482044
98.44,0.0515245
98.46,0.0548326
98.48,0.058118
98.5,0.06137
98.52,0.0645781
98.54,0.0677321
98.56,0.070822
98.58,0.0738384
98.6,0.0767729
98.62,0.0796167
98.64,0.0823613
98.66,0.0849989
98.68,0.0875224
98.7,0.089926
98.72,0.0922028
98.74,0.0943479
98.76,0.0963573
98.78,0.0982275
98.8,0.0999485
98.82,0.101505
98.84,0.102909
98.86,0.104166
98.88,0.105275
98.9,0.106236
98.92,0.107054
98.94,0.107726
98.96,0.108257
98.98,0.108648
99,0.108898
99.02,0.10901
99.04,0.109009
99.06,0.108885
99.08,0.108633
99.1,0.108254
99.12,0.107752
99.14,0.107129
99.16,0.106386
99.18,0.105523
99.2,0.104546
99.22,0.103456
99.24,0.102256
99.26,0.100949
99.28,0.0995347
99.3,0.0980152
99.32,0.096392
99.34,0.094666
99.36,0.0928377
99.38,0.0909079
99.4,0.0888776
99.42,0.0867479
99.44,0.08452
99.46,0.0821953
99.48,0.0797757
99.5,0.0772636
99.52,0.074662
99.54,0.0719742
99.56,0.0692042
99.58,0.066357
99.6,0.063438
99.62,0.0604535
99.64,0.0574106
99.66,0.0543171
99.68,0.0511815
99.7,0.0480132
99.72,0.044822
99.74,0.0416184
99.76,0.0384133
99.78,0.0352182
99.8,0.0320446
99.82,0.0289045
99.84,0.0258096
99.86,0.0227717
99.88,0.0198022
99.9,0.0169125
99.92,0.0141131
99.94,0.0114141
99.96,0.00882483
99.98,0.00635382
100,0.00400863
